{"prefix": {"roocs": "urn:roocs:", "provone": "https://purl.dataone.org/provone/2015/01/15/ontology#", "dcterms": "http://purl.org/dc/terms/"}, "agent": {"roocs:C3S_CDS": {"prov:type": {"$": "prov:Organization", "type": "prov:QUALIFIED_NAME"}, "prov:label": "Copernicus Climate Data Store", "dcterms:source": "https://cds.climate.copernicus.eu"}, "roocs:Provider": {"prov:type": {"$": "prov:Agent", "type": "prov:QUALIFIED_NAME"}, "prov:label": "Provider", "dcterms:source": "Rook"}, "roocs:rook_v0.17.1": {"prov:type": {"$": "prov:SoftwareAgent", "type": "prov:QUALIFIED_NAME"}, "prov:label": "Rook", "dcterms:source": "https://github.com/roocs/rook/releases/tag/v0.17.1"}, "roocs:clisops_v0.16.1": {"prov:type": {"$": "prov:SoftwareAgent", "type": "prov:QUALIFIED_NAME"}, "prov:label": "clisops", "dcterms:source": "https://github.com/roocs/clisops/releases/tag/v0.16.1"}}, "wasAttributedTo": {"_:id1": {"prov:entity": "roocs:rook_v0.17.1", "prov:agent": "roocs:C3S_CDS"}, "_:id2": {"prov:entity": "roocs:rook_v0.17.1", "prov:agent": "roocs:Provider"}}, "entity": {"roocs:workflow_d90e3c10-4b57-486f-9143-ad88234d43aa": {"prov:type": {"$": "provone:Workflow", "type": "prov:QUALIFIED_NAME"}}, "roocs:c3s-cmip6.ScenarioMIP.CNRM-CERFACS.CNRM-ESM2-1.ssp245.r1i1p1f2.Amon.va.gr.v20190328": {"prov:type": {"$": "provone:Data", "type": "prov:QUALIFIED_NAME"}, "prov:label": "c3s-cmip6.ScenarioMIP.CNRM-CERFACS.CNRM-ESM2-1.ssp245.r1i1p1f2.Amon.va.gr.v20190328"}, "roocs:va_Amon_CNRM-ESM2-1_ssp245_r1i1p1f2_gr_20150116-20491216.nc": {"prov:type": {"$": "provone:Data", "type": "prov:QUALIFIED_NAME"}, "prov:label": "va_Amon_CNRM-ESM2-1_ssp245_r1i1p1f2_gr_20150116-20491216.nc"}}, "activity": {"roocs:orchestrate_d90e3c10-4b57-486f-9143-ad88234d43aa": {"prov:type": {"$": "provone:Execution", "type": "prov:QUALIFIED_NAME"}, "prov:label": "orchestrate", "prov:startTime": "2025-05-19T00:07:50", "prov:endTime": "2025-05-19T00:07:57"}, "roocs:subset_va_1_bfdb0b93-f771-4f34-a9b4-5ce6cc8d3e6b": {"prov:type": {"$": "provone:Execution", "type": "prov:QUALIFIED_NAME"}, "prov:label": "subset_va_1", "roocs:time": "2015/2049", "roocs:time_components": "year:2015,2016,2017,2018,2019,2020,2021,2022,2023,2024,2025,2026,2027,2028,2029,2030,2031,2032,2033,2034,2035,2036,2037,2038,2039,2040,2041,2042,2043,2044,2045,2046,2047,2048,2049", "roocs:area": "-79.0,0.2,-76.0,1.5", "roocs:apply_fixes": false}}, "wasAssociatedWith": {"_:id3": {"prov:activity": "roocs:orchestrate_d90e3c10-4b57-486f-9143-ad88234d43aa", "prov:agent": "roocs:rook_v0.17.1", "prov:plan": "roocs:workflow_d90e3c10-4b57-486f-9143-ad88234d43aa"}, "_:id4": {"prov:activity": "roocs:subset_va_1_bfdb0b93-f771-4f34-a9b4-5ce6cc8d3e6b", "prov:agent": "roocs:clisops_v0.16.1", "prov:plan": "roocs:workflow_d90e3c10-4b57-486f-9143-ad88234d43aa"}}, "wasDerivedFrom": {"_:id5": {"prov:generatedEntity": "roocs:va_Amon_CNRM-ESM2-1_ssp245_r1i1p1f2_gr_20150116-20491216.nc", "prov:usedEntity": "roocs:c3s-cmip6.ScenarioMIP.CNRM-CERFACS.CNRM-ESM2-1.ssp245.r1i1p1f2.Amon.va.gr.v20190328", "prov:activity": "roocs:subset_va_1_bfdb0b93-f771-4f34-a9b4-5ce6cc8d3e6b"}}}