{"prefix": {"roocs": "urn:roocs:", "provone": "https://purl.dataone.org/provone/2015/01/15/ontology#", "dcterms": "http://purl.org/dc/terms/"}, "agent": {"roocs:C3S_CDS": {"prov:type": {"$": "prov:Organization", "type": "prov:QUALIFIED_NAME"}, "prov:label": "Copernicus Climate Data Store", "dcterms:source": "https://cds.climate.copernicus.eu"}, "roocs:Provider": {"prov:type": {"$": "prov:Agent", "type": "prov:QUALIFIED_NAME"}, "prov:label": "Provider", "dcterms:source": "Rook"}, "roocs:rook_v0.17.2": {"prov:type": {"$": "prov:SoftwareAgent", "type": "prov:QUALIFIED_NAME"}, "prov:label": "Rook", "dcterms:source": "https://github.com/roocs/rook/releases/tag/v0.17.2"}, "roocs:clisops_v0.16.1": {"prov:type": {"$": "prov:SoftwareAgent", "type": "prov:QUALIFIED_NAME"}, "prov:label": "clisops", "dcterms:source": "https://github.com/roocs/clisops/releases/tag/v0.16.1"}}, "wasAttributedTo": {"_:id1": {"prov:entity": "roocs:rook_v0.17.2", "prov:agent": "roocs:C3S_CDS"}, "_:id2": {"prov:entity": "roocs:rook_v0.17.2", "prov:agent": "roocs:Provider"}}, "entity": {"roocs:workflow_a02d702a-ef7a-4ea8-997b-c8da21fd8446": {"prov:type": {"$": "provone:Workflow", "type": "prov:QUALIFIED_NAME"}}, "roocs:c3s-cmip6.ScenarioMIP.CNRM-CERFACS.CNRM-ESM2-1.ssp245.r1i1p1f2.Amon.rsds.gr.v20190328": {"prov:type": {"$": "provone:Data", "type": "prov:QUALIFIED_NAME"}, "prov:label": "c3s-cmip6.ScenarioMIP.CNRM-CERFACS.CNRM-ESM2-1.ssp245.r1i1p1f2.Amon.rsds.gr.v20190328"}, "roocs:rsds_Amon_CNRM-ESM2-1_ssp245_r1i1p1f2_gr_20150116-20491216.nc": {"prov:type": {"$": "provone:Data", "type": "prov:QUALIFIED_NAME"}, "prov:label": "rsds_Amon_CNRM-ESM2-1_ssp245_r1i1p1f2_gr_20150116-20491216.nc"}}, "activity": {"roocs:orchestrate_a02d702a-ef7a-4ea8-997b-c8da21fd8446": {"prov:type": {"$": "provone:Execution", "type": "prov:QUALIFIED_NAME"}, "prov:label": "orchestrate", "prov:startTime": "2025-05-19T00:14:06", "prov:endTime": "2025-05-19T00:14:08"}, "roocs:subset_rsds_1_aa8608dc-e99f-4f4f-a965-b675854d2f9c": {"prov:type": {"$": "provone:Execution", "type": "prov:QUALIFIED_NAME"}, "prov:label": "subset_rsds_1", "roocs:time": "2015/2049", "roocs:time_components": "year:2015,2016,2017,2018,2019,2020,2021,2022,2023,2024,2025,2026,2027,2028,2029,2030,2031,2032,2033,2034,2035,2036,2037,2038,2039,2040,2041,2042,2043,2044,2045,2046,2047,2048,2049", "roocs:area": "-79.0,0.2,-76.0,1.5", "roocs:apply_fixes": false}}, "wasAssociatedWith": {"_:id3": {"prov:activity": "roocs:orchestrate_a02d702a-ef7a-4ea8-997b-c8da21fd8446", "prov:agent": "roocs:rook_v0.17.2", "prov:plan": "roocs:workflow_a02d702a-ef7a-4ea8-997b-c8da21fd8446"}, "_:id4": {"prov:activity": "roocs:subset_rsds_1_aa8608dc-e99f-4f4f-a965-b675854d2f9c", "prov:agent": "roocs:clisops_v0.16.1", "prov:plan": "roocs:workflow_a02d702a-ef7a-4ea8-997b-c8da21fd8446"}}, "wasDerivedFrom": {"_:id5": {"prov:generatedEntity": "roocs:rsds_Amon_CNRM-ESM2-1_ssp245_r1i1p1f2_gr_20150116-20491216.nc", "prov:usedEntity": "roocs:c3s-cmip6.ScenarioMIP.CNRM-CERFACS.CNRM-ESM2-1.ssp245.r1i1p1f2.Amon.rsds.gr.v20190328", "prov:activity": "roocs:subset_rsds_1_aa8608dc-e99f-4f4f-a965-b675854d2f9c"}}}