date,PET_mm_day,year,month,PET_mm_month,precip_mm,temp_c,wind_u,wind_v,solar_rad,balance_mm
1981-01-01,0.2989270293354625,1981,1,9.266737909399337,5.535182077198623,17.69609252964159,0.4097279925763635,0.06077497363620931,15.398626873154882,-3.731555832200714
1981-02-01,0.1911179420093589,1981,2,5.351302376262049,16.21894593089621,17.69046167653454,0.13310299415407867,0.007835937595374159,14.174679060880012,10.867643554634164
1981-03-01,0.1465916925301382,1981,3,4.544342468434285,10.568353133763237,17.851267419224143,0.23266619243092423,-0.041696684383573115,14.165354497726717,6.0240106653289525
1981-04-01,0.18524457023684374,1981,4,5.557337107105312,9.81292483933558,18.065376615709624,0.16491971493137783,0.07195654850961192,15.215106193233984,4.255587732230268
1981-05-01,0.24709287471092328,1981,5,7.6598791160386215,3.7342668833587616,17.925042210558786,0.004641511277110514,0.16575468329944149,15.256508866162864,-3.92561223267986
1981-06-01,0.3266097648359755,1981,6,9.798292945079265,3.5087224025836274,17.55323623860903,-0.24087919994585671,0.19689491423385888,14.531848055512393,-6.289570542495637
1981-07-01,0.5144774174654891,1981,7,15.948799941430163,1.17543098556706,17.314268317237065,-0.6189770973691058,0.20982016051452917,16.75217010219648,-14.773368955863104
1981-08-01,0.532704786718222,1981,8,16.513848388264883,1.1399210460917901,18.059679266870717,-0.21328620619672498,0.1684293713270924,17.359023387103605,-15.373927342173094
1981-09-01,0.6194676161605165,1981,9,18.584028484815494,1.1935871046339317,18.668287473654686,-0.29279255370263946,0.14629550134742467,18.792257832434313,-17.390441380181564
1981-10-01,0.43842803335342345,1981,10,13.591269033956127,2.7857412116668114,18.576446625236485,0.3368299006573838,0.0953136140052962,17.057839776848812,-10.805527822289315
1981-11-01,0.43232816667023477,1981,11,12.969845000107043,3.5135480987053453,18.194968435698513,0.6047722261936553,0.06724305869883186,16.699348889328338,-9.456296901401696
1981-12-01,0.35022059609512785,1981,12,10.856838478948964,5.599193363774941,18.476768243524248,0.30758617223845636,0.09627441525063575,15.7707436994138,-5.257645115174022
1982-01-01,0.3065259565778266,1982,1,9.502304653912624,6.812162338086584,17.985223398370977,0.42367791398718785,0.035530545447318776,15.144865228970968,-2.69014231582604
1982-02-01,0.1666636610789797,1982,2,4.666582510211431,10.219917514788445,17.803979508352597,0.220354013519104,-0.0014858775930608739,13.953628431457021,5.553335004577014
1982-03-01,0.18227247478537695,1982,3,5.650446718346686,7.883915136151755,18.030453759767397,0.16439210119974193,0.018309532244736387,14.329533780859345,2.233468417805069
1982-04-01,0.21668184967024398,1982,4,6.50045549010732,7.75617007005014,18.08744235283592,-0.061180248175631224,0.09703069649575176,15.094855483296843,1.2557145799428202
1982-05-01,0.2922393279955969,1982,5,9.059419167863503,4.9320090991673835,18.163407853225863,-0.16492769901543164,0.16551535334473605,14.656937725757471,-4.127410068696119
1982-06-01,0.4718611178541436,1982,6,14.155833535624307,1.2043128235452918,18.352715852151334,-0.4786513187983116,0.20304334927298975,15.670025497704643,-12.951520712079015
1982-07-01,0.5960877930351801,1982,7,18.478721584090582,0.8855914969377207,18.243358491522713,-0.6792010544332979,0.182204264572039,16.53673736104244,-17.59313008715286
1982-08-01,0.7125729507142669,1982,8,22.08976147214227,0.6784899242336309,18.56100717810341,-0.7928892385236398,0.18700109934838816,18.467992414012286,-21.41127154790864
1982-09-01,0.4578217517571545,1982,9,13.734652552714635,3.7382937421702507,18.47521183949607,-0.22825136796946038,0.15653543009563678,17.219143261952695,-9.996358810544384
1982-10-01,0.26413170802074876,1982,10,8.188082948643212,7.65811434037786,17.778812565410476,0.0474664527941023,0.13674816996694766,15.148244384395797,-0.5299686082653512
1982-11-01,0.21047399429343736,1982,11,6.314219828803121,10.298918962620455,18.133604493980727,0.12888419896719927,0.08542347190086935,15.668071884525746,3.984699133817334
1982-12-01,0.14206774185655524,1982,12,4.404099997553212,21.00755379170862,18.03398981035764,0.06318639259114761,0.024014456796312703,12.975693536549196,16.603453794155406
1983-01-01,0.1559224834909899,1983,1,4.833596988220687,15.912636657057867,18.7232101598849,-0.009825711600886087,-0.006381738302911254,13.255305588530257,11.07903966883718
1983-02-01,0.18909735183007806,1983,2,5.294725851242186,12.89085396928493,18.673898903839813,-0.17296530858752535,-0.00463923031230188,14.646410609435696,7.596128118042744
1983-03-01,0.1409547409525955,1983,3,4.369596969530461,13.235793673443723,18.75684377801082,-0.08805310701749716,-0.050463440778759104,13.822686198177832,8.866196703913262
1983-04-01,0.14356454866057058,1983,4,4.306936459817117,15.282269174076431,18.48653847989209,-0.18601473041725436,-0.008508846865711305,12.310936527509003,10.975332714259313
1983-05-01,0.1858631788427214,1983,5,5.761758544124364,11.298333154565565,18.666226778448674,-0.2840090686381305,0.05119579718505118,12.8384994909245,5.5365746104412015
1983-06-01,0.3037625131572037,1983,6,9.112875394716111,6.894390968775746,18.271847250966857,-0.5004944783481586,0.14182170567787655,13.194393269510556,-2.218484425940365
1983-07-01,0.4553273299474033,1983,7,14.115147228369503,2.768127872785534,18.32274987510192,-0.5376805624674584,0.19105057501171566,15.488752683099081,-11.347019355583969
1983-08-01,0.5327267395052857,1983,8,16.514528924663857,2.3137127996324196,18.420700339858797,-0.5031696247241199,0.21119697000172277,16.585319972808808,-14.200816125031437
1983-09-01,0.4674531961712249,1983,9,14.023595885136746,3.3902023010291087,18.23310260989581,-0.14091808959769103,0.18581628439091163,16.626414738274622,-10.633393584107637
1983-10-01,0.2805196305749548,1983,10,8.6961085478236,5.129171442602988,17.767432851715228,0.109535873184619,0.14391693030636946,15.60038469047569,-3.566937105220612
1983-11-01,0.27622645507886184,1983,11,8.286793652365855,5.6083728822118015,17.95158552235415,0.1710852591935352,0.13212342595336748,15.583161388657391,-2.6784207701540534
1983-12-01,0.20375158762404638,1983,12,6.3162992163454375,8.852206724733982,17.34608695849721,0.29546998946273884,0.07153494572418877,14.310690641853236,2.5359075083885445
1984-01-01,0.214657459670916,1984,1,6.654381249798396,5.938367594677682,16.990900015990917,0.3511641484396683,0.04505017797390748,15.742349696800622,-0.7160136551207144
1984-02-01,0.14840019190552597,1984,2,4.303605565260253,15.938480330659036,17.085768002754378,0.0007830623247098414,-0.002321414164848869,12.457968091249382,11.634874765398784
1984-03-01,0.1412209942152488,1984,3,4.377850820672713,10.41633575102249,17.53651337741138,0.1629490101014972,0.005214543318679433,13.869741093606539,6.038484930349777
1984-04-01,0.13806619678018295,1984,4,4.141985903405488,11.57626788197156,17.45276996713028,0.04094892444310193,0.07203562096844235,12.614208576382511,7.434281978566072
1984-05-01,0.19494186155527643,1984,5,6.04319770821357,5.4294855339762575,17.501678132071333,0.03554582518367359,0.12513766486443187,14.31306240115827,-0.6137121742373122
1984-06-01,0.3233415860468937,1984,6,9.700247581406812,3.541941486829071,17.192043761538798,-0.2699428096027375,0.18762128664128938,13.651794530899068,-6.158306094577741
1984-07-01,0.39557919594875635,1984,7,12.262955074411447,1.9646160794139322,16.924644045503385,-0.3865233418025306,0.19409278833526816,15.195857469524686,-10.298338994997515
1984-08-01,0.46933809021712797,1984,8,14.549480796730967,1.5533633500528825,17.607189154919638,-0.3190878587166832,0.18270269744569145,16.551498402853312,-12.996117446678085
1984-09-01,0.3789687706790824,1984,9,11.369063120372472,3.023841478356749,17.562099059286993,-0.027469806494673437,0.14525337483268458,16.181592560746477,-8.345221642015723
1984-10-01,0.2878446408765307,1984,10,8.923183867172453,5.0291894009693765,17.684552565792217,0.27274582532344793,0.11269592351433219,16.183672849968712,-3.8939944662030763
1984-11-01,0.3557023971474628,1984,11,10.671071914423885,4.206689058547936,17.189845504453558,0.47951947980129445,0.07422028582045079,16.96613910685782,-6.464382855875949
1984-12-01,0.251629726169026,1984,12,7.800521511239807,7.08912146574608,17.597068330657066,0.17426738285043417,0.0803680476499771,15.06925840871531,-0.7114000454937264
1985-01-01,0.20102961922678828,1985,1,6.231918196030437,6.799829263487595,16.686562526252203,0.4874903057682216,0.056614652108704915,12.334950992160461,0.5679110674571586
1985-02-01,0.25395091718879753,1985,2,7.110625681286331,7.529639999036563,17.42961216777121,-0.0008859612845929826,0.03303751355132206,15.522214862419661,0.4190143177502321
1985-03-01,0.1889756230968724,1985,3,5.858244316003045,7.610325545741497,17.698574039381867,0.1813356768100711,0.009524301348016108,15.574490824179843,1.7520812297384518
1985-04-01,0.1751390384201974,1985,4,5.254171152605922,7.1175781891338605,17.55761332985736,0.13790406823133003,0.05951660404653903,15.010298703015755,1.8634070365279385
1985-05-01,0.26239902341901794,1985,5,8.134369725989556,4.4896020041030225,17.291767582306306,-0.17860203717453552,0.15017024493586234,14.386337713115337,-3.6447677218865335
1985-06-01,0.4617818914150587,1985,6,13.853456742451762,1.5019622177668266,17.2950431224005,-0.7085847610790468,0.19385711243701728,15.958073246910093,-12.351494524684934
1985-07-01,0.45638563520513187,1985,7,14.147954691359088,1.2233447564404398,16.830256054830613,-0.5421125523930713,0.1879148636171394,16.017708456600037,-12.924609934918648
1985-08-01,0.4741680993068533,1985,8,14.699211078512452,1.6503062198635983,17.39357022368233,-0.3786837985786867,0.17877985200384208,17.022370681827812,-13.048904858648854
1985-09-01,0.4352679339689088,1985,9,13.058038019067263,2.588912664130426,17.956153110838443,-0.05211417854686806,0.14827814754839294,16.944369753326335,-10.469125354936837
1985-10-01,0.33691961600702025,1985,10,10.444508096217628,3.2363236713856494,17.685154753972597,0.31359816820020864,0.10379905311373785,19.437319969830376,-7.208184424831979
1985-11-01,0.4026511384926514,1985,11,12.079534154779541,3.011164245973115,17.70339340596837,0.41996550194598625,0.08547857089082737,19.820963588530265,-9.068369908806426
1985-12-01,0.36678326165237046,1985,12,11.370281111223484,5.617372654657873,17.626598240849603,0.5341318323666263,0.08951975735359181,16.70104729945617,-5.752908456565611
1986-01-01,0.16861348828540587,1986,1,5.227018136847582,13.447095242297557,17.292379502962547,0.2539222785178631,0.04637673605177917,12.53404413750971,8.220077105449974
1986-02-01,0.1705746350195545,1986,2,4.776089780547526,9.334874656878,17.065653616776387,0.3465883991325783,-0.020374969486732567,13.57663439572004,4.558784876330474
1986-03-01,0.1431182488984924,1986,3,4.436665715853264,7.179254887362072,17.397042486736552,0.11537204363629153,0.019818887105053088,14.920666946270918,2.7425891715088078
1986-04-01,0.1782842007916272,1986,4,5.348526023748816,12.311446541785669,17.882371434243225,-0.0031369639214203653,0.042779202396919,13.668684461049507,6.962920518036853
1986-05-01,0.239088471791058,1986,5,7.411742625522797,4.596399266317429,17.935146829834252,-0.10753037826987473,0.12998578703178676,14.453634047178468,-2.815343359205368
1986-06-01,0.41084669650666794,1986,6,12.325400895200039,1.2024222031324487,17.399761080490975,-0.4672104297818179,0.2180518431131074,15.439879228970968,-11.12297869206759
1986-07-01,0.5312323556028908,1986,7,16.468203023689615,1.2452837094667513,17.217687980521987,-0.8511170236326318,0.20904465787230056,16.062199071756478,-15.222919314222864
1986-08-01,0.47898998361380535,1986,8,14.848689492027965,1.623271330416838,17.99967976307522,-0.38521207417040115,0.19036186057149423,16.965491301716217,-13.225418161611127
1986-09-01,0.4783723657874669,1986,9,14.351170973624006,3.195270672363697,18.332836800044447,-0.3614507188600995,0.13679441889427382,17.675992983052122,-11.15590030126031
1986-10-01,0.29679778545869795,1986,10,9.200731349219636,6.092403781437149,17.710940460802192,0.2072359463346654,0.10561103680703135,17.263293152304847,-3.108327567782487
1986-11-01,0.289218436941046,1986,11,8.67655310823138,4.7593359566343425,17.736064259057514,0.17062448301813052,0.12958928624219215,17.61945398707536,-3.917217151597037
1986-12-01,0.258224797370778,1986,12,8.00496871849412,8.188735109258316,17.75301727590204,0.10297811680471879,0.10428720995972189,14.919050133695878,0.18376639076419643
1987-01-01,0.1885636179391251,1987,1,5.845472156112878,13.161619593780774,17.99185332767007,0.04065162127398025,0.06415359939724989,12.899718957200369,7.316147437667896
1987-02-01,0.2691839702883997,1987,2,7.537151168075191,11.143178758595791,18.556895401622796,-0.3292631707931359,0.08500464365504048,14.399200266614873,3.6060275905206005
1987-03-01,0.13394361419344494,1987,3,4.152252039996793,11.914631709857563,18.24845100433538,0.014532764800415432,-0.002468651133629633,14.302264720063208,7.76237966986077
1987-04-01,0.21187618042098297,1987,4,6.356285412629489,9.69327259066144,18.481959651265583,-0.1675446884335245,0.06624554122805182,14.039316382442264,3.3369871780319507
1987-05-01,0.24355482897112218,1987,5,7.550199698104787,3.0939829048750505,18.300156869705745,-0.167349676146616,0.144850965020717,14.870818320644108,-4.456216793229737
1987-06-01,0.4379428797285167,1987,6,13.138286391855502,1.8509331363643284,18.400890943224283,-0.5817814166957236,0.19566005794617553,15.19377645617628,-11.287353255491173
1987-07-01,0.4413777299981556,1987,7,13.682709629942824,1.876785777921623,18.338235872372138,-0.3766102626823976,0.1827638803106621,15.223207291969771,-11.805923852021202
1987-08-01,0.4776408523594612,1987,8,14.806866423143298,2.1911789256175296,18.169646473632724,-0.39641878040625433,0.1717816967185889,16.37962832714174,-12.615687497525768
1987-09-01,0.4455289784764725,1987,9,13.365869354294174,2.7107625992425746,18.619839974562296,-0.08378284291886318,0.15922982454114698,16.74854401487377,-10.6551067550516
1987-10-01,0.2858251548385449,1987,10,8.860579799994893,5.361608628501244,18.26174975619557,0.2718630438513047,0.12313318626381718,16.499702746887742,-3.4989711714936487
1987-11-01,0.33682987859208263,1987,11,10.10489635776248,4.618559804495353,18.512623642208098,0.32535990588332775,0.0905629599933798,17.72132302923936,-5.486336553267126
1987-12-01,0.33468203207731184,1987,12,10.375142994396667,4.295593829447291,18.667371228579896,0.14820453411560036,0.12544949326325588,15.939863644395796,-6.079549164949376
1988-01-01,0.19761049227507865,1988,1,6.125925260527438,10.734117434415474,17.93953619040343,0.25288652287624735,0.09171020311945213,12.850531468182782,4.608192173888035
1988-02-01,0.18026076340463382,1988,2,5.227562138734381,13.288578271003828,18.206070698936628,0.2306373407463711,0.02121022673883768,14.231311577653784,8.061016132269447
1988-03-01,0.19457236491318403,1988,3,6.031743312308705,5.635536096009676,18.091812567445174,0.06907540080287848,0.03202865005709777,15.656410520901023,-0.3962072162990289
1988-04-01,0.17439649345236044,1988,4,5.231894803570813,9.53381835099579,18.076897735347814,0.12851356767953065,0.09426335933493209,13.725919618263998,4.301923547424978
1988-05-01,0.2842639110854384,1988,5,8.81218124364859,5.3753644850925655,18.18683163874374,-0.1171300380072845,0.1532641185930501,13.771202708948369,-3.4368167585560245
1988-06-01,0.3823193573610048,1988,6,11.469580720830145,1.3204014665317392,17.3241892275463,-0.2618330774927586,0.1896787067954591,14.85002590437178,-10.149179254298405
1988-07-01,0.5271533073451061,1988,7,16.34175252769829,1.1107454385129572,17.192259682187114,-0.5554699621948873,0.19807144571591656,16.4569442594816,-15.231007089185333
1988-08-01,0.5552997213362137,1988,8,17.214291361422625,0.8635297808562822,17.776168566109163,-0.22878049515980736,0.15313369482366265,17.531012763471992,-16.350761580566342
1988-09-01,0.45670132166646377,1988,9,13.701039649993913,2.410664302213364,17.91634206911283,-0.024232631400190736,0.15195636397676363,17.392869986533523,-11.290375347780548
1988-10-01,0.32367029465824904,1988,10,10.03377913440572,3.5850358003483995,17.774197433173185,0.32241997158757196,0.12341963799459983,16.838630413817786,-6.44874333405732
1988-11-01,0.30268426250368896,1988,11,9.080527875110668,5.760894548011046,17.624400794175244,0.3816541274629986,0.12491604924681866,15.781970080161033,-3.3196333270996226
1988-12-01,0.2850144090559366,1988,12,8.835446680734035,5.716617431297238,17.018723624139454,0.5023979460740965,0.08701587516428494,14.890649752383641,-3.1188292494367973
1989-01-01,0.171054360698545,1989,1,5.302685181654895,14.045358115587007,17.084466253140874,0.17708864150743406,0.07460498897375484,12.749393697224376,8.742672933932113
1989-02-01,0.13599767077707653,1989,2,3.807934781758143,17.179351536534835,16.92088661368973,0.1272812508637558,0.005217081780268291,12.454626443675402,13.371416754776693
1989-03-01,0.14551335050631506,1989,3,4.510913865695767,9.049033910001231,16.9656144157305,0.2684682396409773,-0.010486916723169842,13.472001438012038,4.538120044305464
1989-04-01,0.18376193036793464,1989,4,5.512857911038039,10.894833054635152,17.601944313935746,-0.06830429581230546,0.12696201183826408,13.146056303340632,5.381975143597113
1989-05-01,0.30203945613412014,1989,5,9.363223140157725,3.174009950207342,17.472024370170914,-0.34102857236648687,0.15427149051882058,14.673906338088841,-6.189213189950383
1989-06-01,0.3407130246222926,1989,6,10.221390738668777,2.6584685355481796,17.35582164885915,-0.30960953526093093,0.1826949033017161,14.006233186100717,-7.562922203120598
1989-07-01,0.4766254655064105,1989,7,14.775389430698725,1.3734428215262195,16.9131885228162,-0.5766749164126789,0.21399419416654858,15.930598635214347,-13.401946609172505
1989-08-01,0.5064832902837824,1989,8,15.700981998797253,1.3320694655127028,17.684107355947106,-0.36175929813855146,0.1795731713622124,16.628604182428134,-14.36891253328455
1989-09-01,0.4489446619965144,1989,9,13.468339859895432,1.9175328648604137,18.126296968404176,-0.0361325976387055,0.15186024224053452,16.84362910327878,-11.550806995035018
1989-10-01,0.32735269277229073,1989,10,10.147933475941013,5.75696308465406,17.8012256444768,0.04703268973501873,0.12916416323397972,15.970332858496583,-4.390970391286953
1989-11-01,0.40246271726353017,1989,11,12.073881517905905,2.072137584153653,18.361220583244517,0.3661903138466832,0.12063349157969605,19.425725285401512,-10.001743933752252
1989-12-01,0.539269028654683,1989,12,16.71733988829517,1.686031638086971,18.671681103132812,0.6599396322312198,0.05707863227687437,18.511718899427926,-15.0313082502082
1990-01-01,0.33492628145008274,1990,1,10.382714724952566,5.133570934943306,18.505524567919963,0.12652907501852217,0.09498292401783444,14.746489362878728,-5.24914379000926
1990-02-01,0.20614158353562298,1990,2,5.771964338997443,11.348255899845634,17.951750749207633,0.39425019485750606,0.027215557352989198,14.624534277138219,5.576291560848191
1990-03-01,0.21454179736505993,1990,3,6.650795718316858,7.924367394859775,18.394457354310816,-0.02384285624059752,0.06089726514133981,16.14882654351913,1.2735716765429173
1990-04-01,0.18486486124402418,1990,4,5.545945837320725,10.095784615927318,18.222853075770104,0.048559527299828306,0.1210533870597606,13.87983684483367,4.549838778606593
1990-05-01,0.32374321169151477,1990,5,10.036039562436958,3.724710311449878,18.268360955516982,-0.26746320909712556,0.17716527869198084,15.052238544459355,-6.311329250987081
1990-06-01,0.4252027207874309,1990,6,12.756081623622926,2.539354189817306,18.15730105608293,-0.5507588498007571,0.21266376764241046,14.601036756338729,-10.21672743380562
1990-07-01,0.49385447682212413,1990,7,15.309488781485848,1.2282894240613118,17.57153807033285,-0.5638995632309303,0.19867062819560577,16.233838828448324,-14.081199357424536
1990-08-01,0.601002983548759,1990,8,18.63109249001153,0.7761629715343675,18.18165938235063,-0.5749516762265277,0.16021852993731092,17.77831134105515,-17.85492951847716
1990-09-01,0.566248262094553,1990,9,16.98744786283659,1.2500433981808243,18.625973954959534,-0.15825491263390062,0.1347941741388357,17.830952434060816,-15.737404464655764
1990-10-01,0.3973941159227064,1990,10,12.319217593603899,3.2396726888826404,18.457101797139842,0.3496282394848871,0.13613515796360973,16.272204115667098,-9.079544904721258
1990-11-01,0.4340564915606001,1990,11,13.021694746818003,2.6333761383426793,18.74056737460495,0.1749605897102865,0.12392033694768592,17.476268743484706,-10.388318608475323
1990-12-01,0.3458662361862098,1990,12,10.721853321772505,4.323884261998644,18.528956595490286,0.2625379468754982,0.08476191316673722,17.306337356310472,-6.397969059773861
1991-01-01,0.2916878674484905,1991,1,9.042323890903205,5.352041341333829,18.34837995392172,0.3104227468686064,0.09705140003166893,15.910264836358499,-3.6902825495693765
1991-02-01,0.22078553643834276,1991,2,6.181995020273597,12.844265895660198,18.237973084103942,0.058198182610975785,0.068068482039111,14.142083553005147,6.662270875386602
1991-03-01,0.14203367983029533,1991,3,4.403044074739155,13.912317234525228,18.14111596508991,0.1745915411892512,0.022462502013526488,13.435253879859985,9.509273159786073
1991-04-01,0.21482197941064643,1991,4,6.444659382319393,7.435220052732514,18.14054594440688,-0.04956249928388548,0.0888161041261921,15.084045590295926,0.9905606704131209
1991-05-01,0.2650362709491485,1991,5,8.216124399423604,5.364272083583774,18.40993249616895,-0.1364978799308724,0.1373789557815229,14.685765285825267,-2.85185231583983
1991-06-01,0.3605856066243188,1991,6,10.817568198729564,2.9878675160202395,18.198828237940234,-0.3188730499587647,0.2137361367262894,14.669335663747438,-7.8297006827093245
1991-07-01,0.5214403701602419,1991,7,16.1646514749675,1.181454064815578,17.620156098435814,-0.6157662953871758,0.2405398233654691,16.23705238562045,-14.983197410151922
1991-08-01,0.6194315557848836,1991,8,19.20237822933139,0.948976882881515,17.619524341030626,-0.7686708070302518,0.20775667352607013,17.44285748901759,-18.253401346449877
1991-09-01,0.4419601269749449,1991,9,13.258803809248347,2.831188132184892,18.14428664856149,-0.16717211315630018,0.17754107917868084,16.978605351912595,-10.427615677063455
1991-10-01,0.3944699353296825,1991,10,12.228567995220157,3.5939241919512876,17.760417582761477,-0.1373494957385658,0.16244072021337805,16.57585673685713,-8.634643803268869
1991-11-01,0.31869853268905235,1991,11,9.56095598067157,4.919398814724958,18.019964849414237,0.30200158253978293,0.12608093504464862,16.78638803481884,-4.641557165946613
1991-12-01,0.263344546722148,1991,12,8.163680948386588,7.7780718828556195,17.990397692645956,0.3740155985651907,0.12566709643038695,14.643797925489078,-0.38560906553096874
1992-01-01,0.21326574316776734,1992,1,6.611238038200788,11.138888425615546,18.168453769561324,0.19137618100376275,0.08353298711813781,14.973035275301932,4.5276503874147584
1992-02-01,0.15602241557487326,1992,2,4.524650051671324,11.691567391263966,18.022977551235897,0.15004180516468554,0.047382585830090376,13.123080429055722,7.166917339592642
1992-03-01,0.16151825104051332,1992,3,5.007065782255912,16.384109333702945,18.410858526525544,-0.0972622898273426,0.04827385829729131,13.249143013061483,11.377043551447032
1992-04-01,0.1476888683221053,1992,4,4.4306660496631585,13.988068080906574,18.30062764629372,-0.07481054879487656,0.028841219258869136,12.866276630411752,9.557402031243416
1992-05-01,0.21319627916430015,1992,5,6.609084654093304,10.379354324702238,18.31264491097062,-0.09322887251998281,0.13378110374128993,13.466020766508931,3.7702696706089336
1992-06-01,0.4070176251004781,1992,6,12.210528753014344,2.08443632569217,17.983434063684854,-0.5289396703878915,0.19643342416664838,14.498260374532101,-10.126092427322174
1992-07-01,0.5524771795696529,1992,7,17.12679256665924,1.2995180773115131,17.342625524991263,-0.6633907385200456,0.21791285398914217,16.237039780422347,-15.827274489347728
1992-08-01,0.5639829623179987,1992,8,17.483471831857962,1.26280079255229,17.88715286562018,-0.4645256081815574,0.19424461646557897,17.08624030213999,-16.22067103930567
1992-09-01,0.4395531239217901,1992,9,13.186593717653702,2.755918210188205,17.945307075419066,-0.021709245597838756,0.1780559354704377,16.693101518204795,-10.430675507465498
1992-10-01,0.4600132514049468,1992,10,14.260410793553351,2.465169750483916,18.320209060950333,0.0038680632881074764,0.14243407343410402,17.556721012003464,-11.795241043069435
1992-11-01,0.407993053119571,1992,11,12.23979159358713,3.7696020447607546,18.248657269022942,0.48125117589073735,0.1067870767349425,17.981945970407516,-8.470189548826376
1992-12-01,0.3893066219893583,1992,12,12.068505281670106,3.672460432039615,18.23950486112102,0.4798424209070976,0.09413869142347121,16.349715169927258,-8.396044849630492
1993-01-01,0.2236162625544707,1993,1,6.932104139188592,8.262752508898293,17.76875105741385,0.19236768714047492,0.05193480405356892,14.362868227417188,1.3306483697097011
1993-02-01,0.13300127908761988,1993,2,3.724035814453357,17.42612340766545,17.318603288666907,0.1739598006226853,-0.007378728454232057,12.242873179179325,13.702087593212093
1993-03-01,0.13143486631526605,1993,3,4.074480855773247,14.37790445744403,17.4749977153308,-0.07756517842560384,0.01996247291362876,13.40291206600043,10.303423601670783
1993-04-01,0.17521283795297463,1993,4,5.256385138589239,14.544270466316155,18.11811463540363,-0.14434766462945575,0.09222967643691994,13.553225598064833,9.287885327726915
1993-05-01,0.21716623944979196,1993,5,6.732153422943551,6.480509784212103,18.182602780504567,-0.08051775242533163,0.14466132978925225,13.957529349459707,-0.2516436387314478
1993-06-01,0.44191880322203353,1993,6,13.257564096661007,1.5719388543350339,18.11235008603461,-0.599057544312476,0.20097495341117427,15.307356255879652,-11.685625242325973
1993-07-01,0.49571670124122946,1993,7,15.367217738478113,1.56079323896452,17.821335722991194,-0.5171493693541079,0.22104916894862747,15.667841088071194,-13.806424499513593
1993-08-01,0.5641717096109863,1993,8,17.489322997940576,1.2166895814139247,17.89835028425756,-0.5445132885656835,0.19440334218228147,17.124852369800127,-16.272633416526652
1993-09-01,0.4366939574120127,1993,9,13.100818722360382,2.8249365840975313,17.984057454027663,-0.031909377117414255,0.15319678867441652,16.15707003806573,-10.275882138262851
1993-10-01,0.3875454595737951,1993,10,12.013909246787648,3.860633215126514,18.190368997630515,0.03645958756649508,0.14648455746371375,16.375914684197113,-8.153276031661134
1993-11-01,0.3150025809424821,1993,11,9.450077428274463,4.608693175330249,17.738554353550228,0.3932422922445443,0.13838116436811543,17.128883552369512,-4.841384252944215
1993-12-01,0.28049332617863615,1993,12,8.69529311153772,6.214354379830548,18.081197254529343,0.2953508676668624,0.1335569462270014,14.095581745956633,-2.480938731707173
1994-01-01,0.1822079354728812,1994,1,5.648445999659317,13.579857049012196,17.524941327967667,0.3052628183947485,0.06083125672069964,13.231918770675891,7.931411049352879
1994-02-01,0.1491204769085945,1994,2,4.175373353440646,16.6744033302476,17.485140857148224,0.10606630896349996,0.011278424241783781,12.45208414803305,12.499029976806954
1994-03-01,0.13496208931269627,1994,3,4.183824768693584,11.99497499921594,17.45132943571042,0.08500140356018981,0.0007915979758924787,12.28138899619941,7.8111502305223555
1994-04-01,0.1656528972397878,1994,4,4.9695869171936335,12.413846130851486,17.657263529311592,-0.05306698829914371,0.07002393380507328,12.113249804364715,7.444259213657852
1994-05-01,0.25058981510136247,1994,5,7.768284268142237,5.187702711824946,17.965869912886376,-0.2042872568789626,0.10789320207734984,13.849609733102618,-2.5805815563172905
1994-06-01,0.3616308128134159,1994,6,10.848924384402478,2.7048508428147953,17.38102866834953,-0.44004847749292086,0.18359118372094566,14.25559370223886,-8.144073541587684
1994-07-01,0.44792400977972174,1994,7,13.885644303171373,1.7360732245035824,17.1856451981148,-0.5791279571660366,0.2272340569912742,15.497243423476235,-12.14957107866779
1994-08-01,0.5142945089882316,1994,8,15.943129778635178,1.4843246277823117,17.362456641071617,-0.5411657952632561,0.1769987663750224,17.03554273557455,-14.458805150852866
1994-09-01,0.4815528957931778,1994,9,14.446586873795333,2.17539416027931,18.286492475920056,-0.3093094644897425,0.15310001683122346,17.369674821287756,-12.271192713516022
1994-10-01,0.34276603807161454,1994,10,10.625747180220051,2.656981335209352,17.974455696934058,0.22963412123402002,0.15329378433707103,17.537449363466376,-7.968765845010699
1994-11-01,0.300557510483242,1994,11,9.01672531449726,4.596668770966853,17.812479323096113,0.2876602794938997,0.13635166156627887,16.102949554629568,-4.420056543530406
1994-12-01,0.24007330032886848,1994,12,7.442272310194923,7.603267853177927,18.170785431936338,0.2689197625688885,0.1068946748931947,14.39321257002613,0.16099554298300411
1995-01-01,0.22754956491533798,1995,1,7.054036512375477,6.663332831632236,18.137474993216756,-0.017590293895054086,0.026563199195023927,15.122128307083829,-0.3907036807432407
1995-02-01,0.2024049545477959,1995,2,5.667338727338285,10.315315219807669,18.179868292133335,0.19722457113588607,-0.04739517697136874,14.973769674270786,4.647976492469384
1995-03-01,0.161579478267015,1995,3,5.008963826277465,8.183063093844604,17.966826497461966,0.09960224793635737,-0.03769616301395315,15.003365772591637,3.174099267567139
1995-04-01,0.20842729802215806,1995,4,6.252818940664742,7.629657628484149,18.34147792805112,-0.07253697831311277,0.012563990152389848,14.785971382159756,1.376838687819407
1995-05-01,0.28228490073255535,1995,5,8.750831922709216,4.063839699933792,18.1268018727788,-0.3169120049289715,0.06496840320120797,14.835038466205239,-4.686992222775424
1995-06-01,0.3867923636876754,1995,6,11.603770910630262,1.4975887372125174,18.323392221733855,-0.37119272110682583,0.10954916286084584,14.587675316124024,-10.106182173417745
1995-07-01,0.4327361198659735,1995,7,13.414819715845178,1.7060059672922625,17.93920106390067,-0.3580769899159352,0.13078361995914442,15.324018255032126,-11.708813748552917
1995-08-01,0.5395030376027626,1995,8,16.72459416568564,0.8737766650392231,18.451138901833417,-0.34446384917040374,0.08909389762035136,17.749570799350238,-15.850817500646418
1995-09-01,0.5150610865029926,1995,9,15.45183259508978,1.7020360845092317,18.672780135762423,-0.3010703761140305,0.09017238344830622,17.01206858629201,-13.749796510580548
1995-10-01,0.3270540117156285,1995,10,10.138674363184483,3.808670974243755,18.235541921147217,0.13824262355661923,0.018298377104335645,16.08299406633618,-6.330003388940728
1995-11-01,0.24239231462305785,1995,11,7.271769438691735,7.070126946563777,17.811478177769857,0.3346613450814492,0.01907841520580886,14.681012865103465,-0.20164249212795848
1995-12-01,0.2736731738355601,1995,12,8.483868388902364,5.393577229059766,17.795913913332583,0.2624632090243825,0.035790864454250955,16.571606973091317,-3.0902911598425975
1996-01-01,0.1887649205883232,1996,1,5.8517125382380195,8.388291576207692,17.414516434048778,0.30711900666740216,-0.039078515316354125,13.574787546578142,2.5365790379696724
1996-02-01,0.2220151855441338,1996,2,6.4384403807798805,7.67150930490122,17.727962242960075,-0.03291511212342269,-0.04590641094202106,14.909756015749702,1.2330689241213397
1996-03-01,0.13696270469415311,1996,3,4.245843845518746,10.941193586525701,17.709118862705736,0.17120551436590142,0.026603317099091067,12.797357434877991,6.695349741006955
1996-04-01,0.22321281170266596,1996,4,6.6963843510799785,5.525768298816294,17.874665227405387,-0.10282101339182195,0.03634175433219427,14.126507846881843,-1.1706160522636848
1996-05-01,0.2866395621510832,1996,5,8.885826426683579,3.2773466517870786,18.03862231254783,-0.21835000060845478,0.07132378839589383,14.584958265131714,-5.6084797748965
1996-06-01,0.3629647503552808,1996,6,10.888942510658424,2.224422559295983,17.577831302957748,-0.4448392103432141,0.16477272185374045,14.430577377710284,-8.664519951362442
1996-07-01,0.4443208637427544,1996,7,13.773946776025387,1.3793633312554887,17.207396211266428,-0.6017328978713029,0.1680312708648502,15.574829584292678,-12.394583444769898
1996-08-01,0.4897331801926655,1996,8,15.18172858597263,1.1917195296521252,17.60814781725111,-0.3959950279302119,0.17985089682818758,17.11964053789109,-13.990009056320504
1996-09-01,0.5305294200305932,1996,9,15.915882600917797,1.4119063977303097,18.14769392247274,-0.2682234945081032,0.18935087742681883,17.654000235450397,-14.503976203187488
1996-10-01,0.2900133077408722,1996,10,8.990412539967037,4.7730058190807,17.64177551355749,0.22037366780447373,0.10531303523767042,16.400248464641255,-4.217406720886338
1996-11-01,0.3453923724677218,1996,11,10.361771174031654,2.5242335064647974,17.672878550048495,0.3245860922259962,0.12966786243205136,19.158371393883748,-7.837537667566856
1996-12-01,0.2931873066800641,1996,12,9.088806507081987,4.731116816823058,17.855830654982526,0.13660918858876572,0.10921870760429676,16.009838158132634,-4.357689690258929
1997-01-01,0.21938019633757175,1997,1,6.800786086464724,6.352128946950128,17.21793388853257,0.4272698890658553,-0.0300799187348298,14.146490477293588,-0.4486571395145962
1997-02-01,0.22789137716199165,1997,2,6.380958560535766,9.447700138788008,17.782386120140757,-0.13547391990490812,0.012803650683657538,14.414658065541358,3.066741578252242
1997-03-01,0.17752003819826648,1997,3,5.503121184146261,8.039683481090151,18.335290959490976,0.0139633734790827,-0.006065368046152002,16.05891660125186,2.53656229694389
1997-04-01,0.2216649607649669,1997,4,6.649948822949007,8.057248829220228,18.206476113506426,-0.1700304869802601,0.020647317493136162,14.156346597005435,1.407300006271221
1997-05-01,0.3510848382878223,1997,5,10.883629986922491,3.2390606283758268,18.608939136176616,-0.5826775817364588,0.060703789617847066,14.822080722296763,-7.644569358546665
1997-06-01,0.3052459030378178,1997,6,9.157377091134533,3.1160031489384448,18.421268103892146,-0.19595777797315045,0.11233110425835803,14.502473356804861,-6.041373942196088
1997-07-01,0.6232617812870854,1997,7,19.32111521989965,1.2413849637205667,18.507033136145367,-0.9977167183939147,0.18273456366572885,16.271625264990462,-18.079730256179083
1997-08-01,0.6107823995307845,1997,8,18.93425438545432,1.5479931098932618,18.8926958052989,-0.8366365914998464,0.17804496508380843,16.82709468175718,-17.386261275561058
1997-09-01,0.3861080836818135,1997,9,11.583242510454404,5.0565646125959205,18.944050916812785,-0.21142972755822786,0.05869016385329323,16.26501699942864,-6.526677897858484
1997-10-01,0.2942286569918912,1997,10,9.121088366748628,6.6978770448226,18.935051273540353,0.07994706937675551,0.0904187560039385,16.285620288322303,-2.4232113219260283
1997-11-01,0.20066356526372459,1997,11,6.019906957911737,8.236061448110021,18.419657393705506,0.04596994549417002,0.02152044852748665,14.122035926901614,2.216154490198284
1997-12-01,0.2657609820607242,1997,12,8.23859044388245,12.1003236791388,19.02491423954899,-0.3040547627868586,0.03713351045677625,14.484314303976262,3.8617332352563505
1998-01-01,0.2806024279082434,1998,1,8.698675265155545,9.72283002614123,19.446449366969034,-0.36490516223445424,0.050422509365376775,14.277977010735226,1.0241547609856845
1998-02-01,0.1953580922471243,1998,2,5.4700265829194805,18.006153629836476,19.43300823063754,-0.22379773134093756,-0.021333208494296173,12.82722796306236,12.536127046916995
1998-03-01,0.19109364127652173,1998,3,5.923902879572173,17.068895090504903,19.175649860392014,-0.30419408949226867,0.009132020057060179,13.50434180343333,11.14499221093273
1998-04-01,0.1920525665295902,1998,4,5.761576995887706,13.498090862484087,19.25136184331359,-0.20492612235382276,0.020980011079008105,13.070757497492759,7.736513866596381
1998-05-01,0.2626204305152916,1998,5,8.14123334597404,4.627730138617628,18.842812410941008,-0.4227181926387558,0.03405798231699144,14.013808703933897,-3.513503207356412
1998-06-01,0.3634137611855533,1998,6,10.902412835566599,2.8477522143063707,18.11090848448424,-0.65150808457879,0.10613994071675403,13.578928553075784,-8.05466062126023
1998-07-01,0.4220857211765379,1998,7,13.084657356472675,2.0376175000195262,17.79226913619192,-0.6149647665087791,0.08497392933401855,14.839942256585916,-11.04703985645315
1998-08-01,0.4519581232343176,1998,8,14.010701820263845,1.746707396531995,18.309933347962726,-0.3639152080159511,0.0855080792270598,16.114201561409704,-12.26399442373185
1998-09-01,0.4526788753687061,1998,9,13.580366261061183,2.2948999447254157,18.556888680168868,-0.1556691446498976,0.057404898546435594,17.12245423166526,-11.285466316335768
1998-10-01,0.38694696228655345,1998,10,11.995355830883158,3.088452198008804,18.687990763564812,0.022618019628831264,0.0599637358561942,16.90202861192307,-8.906903632874354
1998-11-01,0.27315741779019315,1998,11,8.194722533705795,5.826580056446767,17.921241562931755,0.3621638460561407,0.031030912808134643,16.091562480542404,-2.3681424772590276
1998-12-01,0.29829413214950784,1998,12,9.247118096634743,3.4224940650210547,17.940187937587382,0.32439475002594614,0.031005121437588407,17.748956202203544,-5.824624031613689
1999-01-01,0.226347657341311,1999,1,7.016777377580641,6.294233576176395,17.571952511501593,0.2650135752760561,-0.0028573771100300622,15.017520620947806,-0.722543801404246
1999-02-01,0.13182862329064576,1999,2,3.691201452138081,15.847463513957146,17.153430065427415,0.1487368576876381,-0.03567285852265884,11.7899989626386,12.156262061819065
1999-03-01,0.1601040454740349,1999,3,4.963225409695082,10.050614484039102,17.586642645294205,0.0003388290545371082,-0.030447459589652864,14.51319798631612,5.08738907434402
1999-04-01,0.28849638615385437,1999,4,8.654891584615632,5.391978985295298,17.776417259907703,-0.3586747991019145,0.024430516699173913,14.119479020411045,-3.262912599320334
1999-05-01,0.2642217131381732,1999,5,8.19087310728337,4.460255626113189,17.436528196940287,-0.3761037686036312,0.03954358285779593,13.933541554629565,-3.7306174811701807
1999-06-01,0.3157543147660386,1999,6,9.472629442981159,2.4970818076533865,17.462635052838095,-0.29326933940189925,0.09242758908188606,13.557453780846105,-6.975547635327772
1999-07-01,0.469684645325277,1999,7,14.560224005083587,1.4146538800422728,17.002605291830378,-0.7360035318869954,0.11205928074251888,15.31387648555689,-13.145570125041314
1999-08-01,0.5762157174667885,1999,8,17.862687241470443,0.7477618263639605,17.57514194434907,-0.6304634586465977,0.10653690557980303,18.069937437389644,-17.114925415106484
1999-09-01,0.29133947320565384,1999,9,8.740184196169615,4.1424032829685835,17.46666983488501,-0.030949974962610698,0.04592796058689809,14.773816424192704,-4.597780913201031
1999-10-01,0.3419792982673238,1999,10,10.601358246287038,3.385443523851984,17.610222378891137,-0.10166719234446887,0.026958443483850673,16.69639281901225,-7.215914722435054
1999-11-01,0.27682054959073404,1999,11,8.304616487722022,4.274145264773064,17.403157698359564,0.4690529049196367,-0.041644092535297376,15.3018645635285,-4.030471222948958
1999-12-01,0.2043215203261693,1999,12,6.333967130111248,7.175093023478215,17.06025440650626,0.43722837470885983,0.0017403872624840652,12.955220413306018,0.841125893366967
2000-01-01,0.23820366240597207,2000,1,7.384313534585134,4.889993386560099,17.0530749517323,0.39599496764781084,-0.012393216981045216,14.680761472773504,-2.494320148025035
2000-02-01,0.16108859808704676,2000,2,4.671569344524356,12.285282263832647,17.068176212845515,0.21437806926193576,-0.005035880696547057,13.66823170633519,7.613712919308291
2000-03-01,0.15386299746017246,2000,3,4.769752921265346,12.32468808021142,17.318314897661367,0.03717339605469765,0.016304865724682274,13.331178101062045,7.554935158946074
2000-04-01,0.21141305012402936,2000,4,6.342391503720881,8.276772619110554,17.632257926052432,-0.1498627576107982,0.02334434638059411,13.690425566706681,1.934381115389673
2000-05-01,0.26566903774972284,2000,5,8.235740170241408,4.789521230229145,17.755301462417776,-0.28356969857486986,0.04144188495449819,13.478960586693978,-3.4462189400122636
2000-06-01,0.33507544481154794,2000,6,10.052263344346438,2.4089468327791477,17.412959509504105,-0.4009124896765277,0.15573155431224087,13.6332887055583,-7.64331651156729
2000-07-01,0.4006374658407504,2000,7,12.419761441063262,1.7681064766349244,17.178531779982904,-0.48617020686540446,0.137897662737922,14.989704048944132,-10.651654964428337
2000-08-01,0.50218412658004,2000,8,15.567707923981239,1.290391842401143,17.744737995330127,-0.6008011168431358,0.11132955076297266,17.121784067660137,-14.277316081580096
2000-09-01,0.3443614997705661,2000,9,10.330844993116983,3.760614518469797,17.617566367574398,-0.1038409723502379,0.08824574720877204,15.824003134034665,-6.570230474647186
2000-10-01,0.38364481470300515,2000,10,11.89298925579316,2.9593388008127275,18.153373081248446,-0.1514688309020802,0.05966856116098121,17.85912285805269,-8.933650454980432
2000-11-01,0.30873435041762076,2000,11,9.262030512528623,2.5613191019172423,17.63379175280585,0.33092182475182347,0.034472100183581364,18.57566936167809,-6.700711410611381
2000-12-01,0.2561396041452524,2000,12,7.940327728502824,6.403247786472004,17.80730265039398,0.09691448987595346,0.043357542994265016,15.388178064693832,-1.5370799420308199
2001-01-01,0.19685178975608336,2001,1,6.102405482438584,10.699390303276084,17.247855916950357,0.03291508410389336,0.00019230550607978497,13.981487927890386,4.5969848208375
2001-02-01,0.2384742565809999,2001,2,6.677279184267998,11.600893757258925,17.692876965350138,-0.09537560317263577,0.00851953793265775,14.869124227770325,4.923614572990927
2001-03-01,0.18505005805265817,2001,3,5.736551799632403,13.682288282216346,17.717487077263797,-0.10099909152172322,0.030000244125537555,13.832794090574009,7.945736482583943
2001-04-01,0.2800391777549664,2001,4,8.401175332648991,7.434066434423277,18.06644394424177,-0.2974113870773354,0.056005824916367304,15.177532937848724,-0.9671088982257139
2001-05-01,0.28132857838653225,2001,5,8.7211859299825,4.273987489927764,17.971873473151163,-0.23262715657911318,0.1281508166824191,13.951504138357226,-4.447198440054736
2001-06-01,0.43668931465553906,2001,6,13.100679439666171,1.638376204735269,17.219806496182116,-0.7102903517232674,0.15009606249108975,15.010498407514646,-11.462303234930902
2001-07-01,0.4301244841895915,2001,7,13.333859009877337,1.4482296557534053,17.477537262137616,-0.5427342521343638,0.12813944398653826,15.250011164489015,-11.885629354123932
2001-08-01,0.6420196353141436,2001,8,19.902608694738454,0.6701328558776456,17.839779974749206,-0.8940957928370669,0.1874139923035353,18.091975991595447,-19.232475838860807
2001-09-01,0.4454264322934631,2001,9,13.362792968803895,2.2086322600785064,18.060442969317194,-0.20341318173465422,0.11003351086941766,16.980074635728602,-11.154160708725389
2001-10-01,0.3874283775368514,2001,10,12.010279703642393,2.341856424851855,18.50433258050174,0.03882893748821884,0.1046814144276505,18.11093042307675,-9.668423278790538
2001-11-01,0.2793588214368647,2001,11,8.380764643105941,5.023622290733504,18.063955914572603,0.3044789077383758,0.025944883485442886,16.285658554912068,-3.3571423523724366
2001-12-01,0.24668643941702256,2001,12,7.6472796219277,7.410754293841716,18.227905570228984,0.22662091526290398,0.0366448039969479,15.107549030440005,-0.2365253280859836
2002-01-01,0.27509337963831804,2002,1,8.52789476878786,5.217500485707273,18.22793718056863,0.07987493788070345,0.062431204579157504,16.319122338088842,-3.310394283080587
2002-02-01,0.19522068497341866,2002,2,5.466179179255723,12.583362336097693,18.020803711015162,0.09771289120909943,0.0015504776955795937,14.215693613955791,7.11718315684197
2002-03-01,0.2163585620497475,2002,3,6.707115423542172,12.21124153323651,18.342865609250396,-0.1701012331261221,0.029198527597119828,14.30043518273271,5.504126109694338
2002-04-01,0.17449426379225147,2002,4,5.234827913767544,11.376469237862114,17.89092989278413,-0.03302006600595008,0.023724718563333896,13.652802775690374,6.14164132409457
2002-05-01,0.2882023384960895,2002,5,8.934272493378774,3.6405729467219037,18.26720679338564,-0.34873495405698113,0.10560571141259484,14.656160876474322,-5.293699546656871
2002-06-01,0.44171317633534923,2002,6,13.251395290060477,1.6778324022957547,17.465767677167605,-0.7125438035767887,0.1608845893083399,15.475753740589017,-11.573562887764723
2002-07-01,0.4700787218449632,2002,7,14.572440377193859,1.3614759173982556,17.851769954870747,-0.6016478897850179,0.19662547460071472,15.380256867716644,-13.210964459795603
2002-08-01,0.5667055987996803,2002,8,17.56787356279009,0.964751897822448,17.97775100803915,-0.7305423752198538,0.15894266801143442,17.775201181863128,-16.60312166496764
2002-09-01,0.5213598921562556,2002,9,15.640796764687666,1.4942832024083648,18.46758741735357,-0.29947977182563557,0.12295354794240188,18.041344011902485,-14.146513562279301
2002-10-01,0.3823749064822363,2002,10,11.853622100949327,4.069899177409799,18.48238930380603,-0.13401586482885047,0.07657619061144372,16.426036616936987,-7.7837229235395275
2002-11-01,0.3003410892370937,2002,11,9.01023267711281,6.181529666261017,18.060295240659627,-0.09427075810718358,0.07988102283339031,16.21819730786072,-2.828703010851793
2002-12-01,0.25026115186235837,2002,12,7.758095707733109,7.801364141451846,18.453674533449828,0.022132394576326975,0.10838109125600323,14.671418052828589,0.04326843371873679
2003-01-01,0.243824122561636,2003,1,7.558547799410716,7.442103007761595,18.406181502380946,0.0370582399651849,0.061845888735522436,14.711956101772728,-0.11644479164912092
2003-02-01,0.22336383670752455,2003,2,6.254187427810687,8.557993067743528,18.337676337459357,0.0026381389764214176,0.05221956040076391,14.48170722155519,2.3038056399328406
2003-03-01,0.20485034383566372,2003,3,6.350360658905576,8.409678033288287,18.339745169105583,-0.04245691429432929,0.001651814701412517,15.384986403559576,2.0593173743827116
2003-04-01,0.26816484198033275,2003,4,8.044945259409982,6.58663981358563,18.393070376832895,-0.2219740071954409,0.06324858335091811,15.49690175026485,-1.4583054458243518
2003-05-01,0.35780079644068274,2003,5,11.091824689661165,3.066190987492064,18.281576607919135,-0.4339853978879425,0.10666472642921322,14.564248739458996,-8.0256337021691
2003-06-01,0.38030035015682057,2003,6,11.409010504704616,2.323833399012587,17.725626026333885,-0.3915085961264869,0.12122673109027486,14.49909406525885,-9.08517710569203
2003-07-01,0.5281676478465749,2003,7,16.37319708324382,1.051286631517351,17.381196270397197,-0.7454914928484505,0.2046537790622437,16.066274501306584,-15.321910451726469
2003-08-01,0.5845470128799997,2003,8,18.12095739927999,0.9728140618562119,18.183919640188208,-0.6723084594243764,0.16159388018627693,17.61793767702521,-17.14814333742378
2003-09-01,0.4617671290593224,2003,9,13.853013871779671,2.6233581559698824,18.091834562775716,-0.3106890914887895,0.14347303057636307,17.573260453899692,-11.22965571580979
2003-10-01,0.3285258613143482,2003,10,10.184301700744793,3.987697339921017,18.23364113770566,0.1226919895427797,0.09844271130915103,16.51362082446125,-6.196604360823777
2003-11-01,0.318594315448832,2003,11,9.557829463464959,5.041170889037921,18.30582888781231,0.2061054195520171,0.10287953062964762,16.587534349812827,-4.516658574427038
2003-12-01,0.2789214474872283,2003,12,8.646564872104078,4.5814429181975065,18.23893565947037,0.13774532924576385,0.08615671954372858,16.266974171904792,-4.065121953906571
2004-01-01,0.2568866565511275,2004,1,7.963486353084953,5.322017967053637,18.03329017564272,0.37734115830130543,0.010150111204015724,17.081239007768904,-2.641468386031316
2004-02-01,0.23194803260774366,2004,2,6.726492945624566,10.563216008547819,18.19263138818536,0.019476951048429555,0.015802059177625276,15.055969977893918,3.8367230629232534
2004-03-01,0.25069631178657925,2004,3,7.771585665383957,8.561980945845573,18.4912799769736,-0.11367899711981223,0.001628270685710639,15.099492379091918,0.7903952804616159
2004-04-01,0.2034647327952686,2004,4,6.103941983858058,8.695376152854578,18.31141024011032,0.022104997134442743,0.010392392234821102,14.549369889045833,2.5914341689965203
2004-05-01,0.3545740345779206,2004,5,10.991795071915538,3.5634639785719595,18.253433534029625,-0.32151889147685414,0.14712028825373138,14.842414650399045,-7.428331093343578
2004-06-01,0.5092811028113802,2004,6,15.278433084341405,1.2375067512798599,17.65395531736857,-0.7757857840852099,0.179048352578626,15.519191915672012,-14.040926333061545
2004-07-01,0.4646181096056116,2004,7,14.40316139777396,1.2604546495342197,17.515505988558004,-0.4893255012841434,0.17840019438645455,15.48952633681757,-13.14270674823974
2004-08-01,0.6676303508224858,2004,8,20.69654087549706,0.653349392325583,17.807714029890462,-0.8353188965514061,0.1998756576269744,18.34327437714528,-20.043191483171476
2004-09-01,0.5159107238413139,2004,9,15.477321715239416,2.190182831740437,18.13430581417822,-0.32312757886898313,0.1253504694851031,17.94276138291347,-13.28713888349898
2004-10-01,0.333444490043053,2004,10,10.336779191334642,3.9901260604476945,18.196471311648736,0.19676805083062468,0.1099373510778182,16.312088305851457,-6.346653130886947
2004-11-01,0.2799352608298245,2004,11,8.398057824894735,6.065747407752471,18.1193884398474,0.23612393604782106,0.09739246276805895,16.44763810714033,-2.3323104171422644
2004-12-01,0.26828430360738914,2004,12,8.316813411829063,5.824159228823672,18.232398614911006,0.3058250252662873,0.0729287733035839,16.106167860159605,-2.492654183005391
2005-01-01,0.28164093302997306,2005,1,8.730868923929165,4.807346923602239,18.46611706776605,0.3338086857483526,0.042905833561362,16.922178167879085,-3.923522000326926
2005-02-01,0.20759117936526433,2005,2,5.8125530222274016,9.976269285606447,18.149504984148393,0.13317777659396463,-0.0015382723616664574,13.741487701885719,4.163716263379046
2005-03-01,0.18381036627600603,2005,3,5.698121354556187,11.800910629377285,18.25490209683329,0.04912253838574216,0.0017597823672075926,13.940795656728932,6.102789274821098
2005-04-01,0.25610397905553683,2005,4,7.6831193716661055,6.512780783202415,18.784065211988604,-0.21047616397284602,0.07522087223794686,15.29861062525602,-1.1703385884636903
2005-05-01,0.303905267931536,2005,5,9.421063305877615,2.901766360601231,18.251530395869793,-0.1875279696195322,0.14338327055302735,16.182649546436895,-6.519296945276384
2005-06-01,0.41313821009844187,2005,6,12.394146302953256,1.9966274506955697,18.14877105891776,-0.4606218835089922,0.15120976152574284,15.150713121194993,-10.397518852257686
2005-07-01,0.5701032446937132,2005,7,17.67320058550511,0.6499372400059373,17.808105818347485,-0.7098562575487846,0.20350154697815065,17.356674111307292,-17.023263345499174
2005-08-01,0.5744792360594172,2005,8,17.808856317841933,0.790456896010408,18.23773332637984,-0.5202730297916007,0.16388164687033754,17.986070795042018,-17.018399421831525
2005-09-01,0.5234190099407795,2005,9,15.702570298223385,1.3328562900030951,18.42867081504278,-0.307237872852428,0.16009390183244096,18.177822089559584,-14.36971400822029
2005-10-01,0.3203015053182481,2005,10,9.92934666486569,3.8314992790775872,17.82986611350708,0.2433687935223038,0.09946956448622685,16.029021034789046,-6.0978473857881035
2005-11-01,0.3816999622049223,2005,11,11.45099886614767,2.6234491741799917,17.99381310191984,0.36796243342818463,0.08163454068044675,19.333028641782615,-8.827549691967677
2005-12-01,0.3436204168425688,2005,12,10.652232922119632,5.834739489488964,17.868127597669,0.4780893795267488,0.06185981444159388,15.745545053676102,-4.817493432630668
2006-01-01,0.24331152986197038,2006,1,7.542657425721082,7.014965541274842,17.881297801317032,0.20180714744170752,0.037557281455344343,15.552622847588104,-0.5276918844462397
2006-02-01,0.1797266088130937,2006,2,5.032345046766624,13.72505849023895,18.051484224858484,0.14328367001711118,-0.0350365847195514,13.960487308143229,8.692713443472327
2006-03-01,0.17832861102561506,2006,3,5.5281869417940666,13.50873116051664,18.05381150864315,0.014319977557240696,0.015444416288888693,14.188908784796771,7.980544218722573
2006-04-01,0.2007496305988039,2006,4,6.022488917964117,7.399030870114638,18.023676958561794,-0.015293099514987986,0.034741720259799984,14.82771352588459,1.3765419521505207
2006-05-01,0.4487368506753999,2006,5,13.910842370937397,1.867866979649552,18.34165234638806,-0.4961853484008193,0.13201428719248526,16.78643913404901,-12.042975391287845
2006-06-01,0.44747755683347445,2006,6,13.424326705004233,2.0596216851454714,17.903570982106487,-0.5059019540425317,0.15277635078745394,15.619327782046758,-11.364705019858762
2006-07-01,0.5728145280892101,2006,7,17.75725037076551,0.941462318989844,17.953862592986866,-0.7063478592703487,0.17097092590827762,16.731331154460058,-16.815788051775666
2006-08-01,0.6250373882792766,2006,8,19.376159036657572,0.9807042930087937,18.58787429327856,-0.639184891028343,0.16596199090605915,17.93510178480118,-18.395454743648777
2006-09-01,0.5307720125327203,2006,9,15.92316037598161,2.212860773117938,18.6572701623964,-0.3109955655306827,0.1211527438392426,17.6245495538306,-13.710299602863671
2006-10-01,0.3219581603831062,2006,10,9.980702971876292,3.627011231490311,18.538425683345395,0.18437887034566736,0.10006525072137781,17.537315192527988,-6.353691740385981
2006-11-01,0.2549858024573658,2006,11,7.649574073720974,7.53078899247299,18.031555564174937,0.21266152486768142,0.0811392495638739,15.809199523836426,-0.11878508124798337
2006-12-01,0.23277764157566738,2006,12,7.2161068888456885,8.406859566327455,18.154204510130285,0.1539714204885334,0.10409205589130088,14.773522873013635,1.1907526774817665
2007-01-01,0.2758408379570186,2007,1,8.551065976667577,9.112036789621643,18.75292763065096,-0.04970035240452997,0.0757227195876072,14.936772018927893,0.560970812954066
2007-02-01,0.21914021809884995,2007,2,6.135926106767799,7.715355111054126,18.306024617156766,0.1327258606517421,-0.008292519799547766,16.27486233180309,1.579429004286327
2007-03-01,0.19571371444821967,2007,3,6.06712514789481,13.37233624881605,18.128347132577858,0.002126389080559251,0.01409239519433001,14.389352086799914,7.305211100921239
2007-04-01,0.22005320221666086,2007,4,6.601596066499826,7.8567679473269765,18.281040984441404,-0.08538009187698499,0.04447312358072463,14.452898689879227,1.2551718808271506
2007-05-01,0.30317610646595344,2007,5,9.398459300444557,3.7178117838741005,18.170358413231668,-0.1954015586594924,0.11291882641378266,14.741684166960937,-5.680647516570456
2007-06-01,0.43312243963683755,2007,6,12.993673189105127,1.7320470364197806,17.454158236739715,-0.6501323068299374,0.1540392822393868,15.297895731619466,-11.261626152685347
2007-07-01,0.45984440687393685,2007,7,14.255176613092042,1.1920613739353125,17.602464835964724,-0.4599603404684908,0.17828989402748896,16.031789517974428,-13.06311523915673
2007-08-01,0.5149505145421669,2007,8,15.963465950807173,1.0993627364705518,17.764684958154476,-0.41888936625605316,0.13486123457156343,17.437981478564865,-14.864103214336621
2007-09-01,0.5877642123736017,2007,9,17.63292637120805,0.9670373697625755,18.314179611717975,-0.482804253205917,0.1376158761240616,18.474469222488505,-16.665889001445475
2007-10-01,0.29413139907645997,2007,10,9.11807337137026,4.150335322863797,17.763055402679072,0.22781604605463993,0.04473020121306802,16.803548893628,-4.967738048506463
2007-11-01,0.28500425617068076,2007,11,8.550127685120422,5.905339565495998,17.888305545949436,0.20159594525522376,0.04848082205848309,16.551625869341056,-2.6447881196244243
2007-12-01,0.2927500756101244,2007,12,9.075252343913856,4.967474696761876,17.35548123420898,0.44591937626525396,0.04813258551433181,15.959498874567407,-4.1077776471519805
2008-01-01,0.1643410649969927,2008,1,5.094573014906773,10.872574917474022,17.270369035435294,0.2731968089427742,0.014684475531592555,12.790557416131085,5.778001902567249
2008-02-01,0.14581036817802387,2008,2,4.2285006771626925,14.160174458696973,17.14443001479401,0.1962931467505261,-0.058303613970530424,13.611368047672853,9.93167378153428
2008-03-01,0.12361499086094094,2008,3,3.8320647166891693,12.273972826299849,17.32039933941843,0.08191986597226711,-0.029283380026837183,13.968975969771869,8.44190810961068
2008-04-01,0.14915882982579814,2008,4,4.474764894773944,9.944089773402037,17.659918714871253,0.062463838237937816,0.018004907693842033,14.182054194787767,5.469324878628093
2008-05-01,0.22333273603517195,2008,5,6.923314817090331,4.894845493804321,17.5914302625211,-0.2412033883921969,0.07731449537521722,14.049078787696867,-2.02846932328601
2008-06-01,0.35843739582755324,2008,6,10.753121874826597,2.307481431896826,17.44333372139664,-0.42710534316754745,0.1767992634870582,14.793702513524963,-8.445640442929772
2008-07-01,0.44484172234820324,2008,7,13.7900933927943,1.5152043579657313,17.472838440954433,-0.49353684293945105,0.14513598842905087,15.650105555053326,-12.27488903482857
2008-08-01,0.4855636035702196,2008,8,15.052471710676807,1.729328646320272,18.06176963583613,-0.21359809198170043,0.1447220217062682,16.44219282371636,-13.323143064356534
2008-09-01,0.5347455026821252,2008,9,16.042365080463757,1.865652002901154,18.601986230074033,-0.23747609265991113,0.1615297477270083,17.703260726795065,-14.176713077562603
2008-10-01,0.31412399733418656,2008,10,9.737843917359783,5.827381823156579,18.11818900354507,0.12128382653905155,0.07891622058785698,16.425491393472402,-3.9104620942032033
2008-11-01,0.31119875319680995,2008,11,9.335962595904299,4.390654687884591,17.935989957947186,0.42543767170259794,0.04676939109362014,16.904704669538813,-4.945307908019708
2008-12-01,0.3232765177592111,2008,12,10.021572050535545,3.7393599050615043,17.796897739356837,0.4874277447600074,0.05985762125119389,16.42484191687266,-6.28221214547404
2009-01-01,0.1650923810812318,2009,1,5.117863813518186,13.785305152474772,17.459005557117507,0.2510900989798925,0.043823111856275875,12.493208778091672,8.667441338956586
2009-02-01,0.16246443290838364,2009,2,4.549004121434741,13.411290415568583,17.621416702448244,0.14885732112054448,-0.021104789317365633,13.30168506278692,8.862286294133842
2009-03-01,0.1697777623442724,2009,3,5.263110632672444,10.519830950553562,17.9357763704636,0.13152070991467074,0.002954832266023479,14.448094709720841,5.2567203178811175
2009-04-01,0.19052692245801583,2009,4,5.715807673740475,7.568837017866576,18.0528950437228,-0.08340856013421627,0.03868220365858236,13.86860606681263,1.8530293441261012
2009-05-01,0.26548469765240446,2009,5,8.230025627224538,4.306360257438457,18.16359987106017,-0.19684541113456255,0.11089852553520575,14.926992560632808,-3.9236653697860815
2009-06-01,0.36302790906043764,2009,6,10.89083727181313,1.9966683443972955,18.071785502174748,-0.4226683211769456,0.13886141990889544,14.334726287167173,-8.894168927415834
2009-07-01,0.4842258013886053,2009,7,15.010999843046765,1.3446792450414093,18.094104247029577,-0.5772733377176065,0.1735574428084981,15.94900079031005,-13.666320598005356
2009-08-01,0.5290561800934482,2009,8,16.400741582896895,1.2846944756881966,18.686820774710213,-0.4162394758486228,0.13623720226049404,16.89930610551592,-15.116047107208699
2009-09-01,0.6805675865297253,2009,9,20.417027595891756,0.893737184954615,19.35916988669976,-0.4236361929080322,0.1302040968164228,19.032149678613198,-19.523290410937143
2009-10-01,0.3978147282630832,2009,10,12.332256576155578,3.3456591423646658,19.109217210607028,0.11263740600708791,0.07819787684247369,17.81964373790853,-8.986597433790912
2009-11-01,0.3450467931701915,2009,11,10.351403795105744,4.443154778384525,18.87837790879786,0.31093390808493443,0.06412509154680715,17.71835492273465,-5.90824901672122
2009-12-01,0.27577631350900705,2009,12,8.549065718779218,6.418070387783174,18.731323712484482,0.21230646583755958,0.10718027761876814,15.23355124493255,-2.1309953309960443
2010-01-01,0.2889419466626405,2010,1,8.957200346541855,7.933727518634345,18.770461442765452,-0.03994702077095469,0.06948340280100287,15.149893047107845,-1.0234728279075096
2010-02-01,0.20984787396915358,2010,2,5.8757404711363,13.027600408591026,18.997392243313072,0.0125023434833834,0.013143974404961765,13.60002216957412,7.151859937454725
2010-03-01,0.2305279888263214,2010,3,7.146367653615963,8.8844948529477,18.98907505124032,-0.1132764387908684,0.026107256051653628,14.303589755230771,1.7381271993317373
2010-04-01,0.2180353919733769,2010,4,6.541061759201307,10.132418741432543,18.90051579836762,-0.08030144017718843,0.08085712119258132,14.502092575252489,3.591356982231236
2010-05-01,0.24150730985968463,2010,5,7.486726605650223,5.358973059960085,18.61682138001811,-0.20471287218222242,0.11102480827410749,13.99497240652588,-2.1277535456901386
2010-06-01,0.37995610611789193,2010,6,11.398683183536757,2.0581433217796032,17.953618887742323,-0.4051521054616847,0.14063848412906615,14.625385400875773,-9.340539861757154
2010-07-01,0.3853003877938335,2010,7,11.94431202160884,1.7951490960505276,17.69179914997028,-0.25494510031780354,0.16652617200938588,15.452259632389291,-10.149162925558311
2010-08-01,0.5789929072702954,2010,8,17.94878012537916,0.7720730345614696,18.125217542978987,-0.4855262912745126,0.1301342910760135,18.098625986157213,-17.17670709081769
2010-09-01,0.461754392101054,2010,9,13.85263176303162,2.1576930042424647,18.437793344427178,-0.036179162998119976,0.13064867548117806,17.494546140532304,-11.694938758789156
2010-10-01,0.3734738376791119,2010,10,11.577688968052469,2.2352425433270233,18.49069752747397,0.2689737545180198,0.08864210359002335,18.18426799150551,-9.342446424725445
2010-11-01,0.42138063385724495,2010,11,12.641419015717348,3.2131649149464323,17.781631821479493,0.5750367119955692,0.04071757803361323,17.94060524154249,-9.428254100770916
2010-12-01,0.33150346593323876,2010,12,10.276607443930402,4.824115606249336,17.66750448084008,0.5201036359085287,0.020451139836284736,14.828796052051699,-5.452491837681066
2011-01-01,0.23828079561740367,2011,1,7.386704664139514,7.264860266401863,17.82682079479804,0.293737174478053,0.006472978713830838,14.776758143936718,-0.1218443977376511
2011-02-01,0.18492739147779017,2011,2,5.177966961378124,8.936573032193706,17.65336076989837,0.3031888375537225,-0.00941976088825546,14.075240049367892,3.758606070815582
2011-03-01,0.23608775076353714,2011,3,7.318720273669651,5.903492801355166,17.876199472296605,0.30127621828579404,-0.028011390251732448,16.33058878475262,-1.415227472314485
2011-04-01,0.17012633230735488,2011,4,5.103789969220647,11.327522799959537,17.906667948351753,0.0017037877626309408,0.030842342924975737,13.80941865258846,6.22373283073889
2011-05-01,0.3311051144604867,2011,5,10.264258548275087,2.466237705832285,18.263995938530456,-0.29422170016815924,0.12731627541011367,16.074021130023308,-7.798020842442803
2011-06-01,0.3918443735993977,2011,6,11.755331207981932,2.314701554476223,18.223625308007797,-0.3199506725696815,0.15069728514275754,14.620110604491842,-9.44062965350571
2011-07-01,0.452329662773441,2011,7,14.022219545976672,1.6761052798492904,17.776136031124793,-0.46739088181461247,0.1546565014154647,15.066294439296552,-12.346114266127381
2011-08-01,0.5858232876592442,2011,8,18.16052191743657,0.9377029759616251,18.486241332783607,-0.47278986422387026,0.14276058777079625,17.755345138357224,-17.222818941474944
2011-09-01,0.5020142922421631,2011,9,15.060428767264893,2.020300406613867,18.472892214741933,-0.3526952062440177,0.12735954739715896,17.918056733781572,-13.040128360651027
2011-10-01,0.3804524562195046,2011,10,11.794026142804642,3.237259207912475,17.836560077129775,0.4300031249776923,0.06776147495261421,17.83387463881933,-8.556766934892167
2011-11-01,0.36383229684126006,2011,11,10.914968905237801,4.275471896274671,18.171761981504233,0.48939652984800197,0.06605720425723036,17.027629240977472,-6.63949700896313
2011-12-01,0.30192191416769726,2011,12,9.359579339198614,6.702790672441092,18.12752299308437,0.36494953109177575,0.0448831268872015,15.44590254516562,-2.656788666757522
2012-01-01,0.17969162132836927,2012,1,5.5704402611794475,12.958838509013367,17.545442561266725,0.33605707920122163,-0.004841423546563213,13.450491749558584,7.388398247833919
2012-02-01,0.12999920914958418,2012,2,3.769977065337941,18.206519460233764,17.214823040765907,0.20734714688836484,-0.0312932048344715,12.581547071262094,14.436542394895824
2012-03-01,0.223621431836579,2012,3,6.93226438693395,10.08243492210575,18.101922980297047,-0.30277280041672866,0.020492858019191023,15.266131148849668,3.1501705351717995
2012-04-01,0.15383508675565982,2012,4,4.6150526026697944,8.93988756188325,17.9030027341974,-0.054774211821848065,-0.02991737710847818,14.588291894060317,4.324834959213455
2012-05-01,0.30237043169329736,2012,5,9.373483382492218,5.209154629118451,18.018269535336515,-0.459055071101366,0.09126028363604825,14.443477473762274,-4.164328753373766
2012-06-01,0.44858147359649436,2012,6,13.45744420789483,1.3136498718635385,18.126970425335116,-0.594565562823371,0.1572628330398022,15.598477935518044,-12.143794336031291
2012-07-01,0.6236145507340789,2012,7,19.332051072756446,0.7767817267013416,18.21784880615428,-0.7661323645027501,0.1671223762017015,16.98385818150999,-18.555269346055105
2012-08-01,0.6571347883373451,2012,8,20.371178438457697,0.9407166669951721,18.34623632845262,-0.6192222055434774,0.1803470770933338,18.085699680697783,-19.430461771462525
2012-09-01,0.6668330933903504,2012,9,20.00499280171051,1.0267506710518781,18.78670643089066,-0.5327762560248668,0.12110793535820011,19.309001318553733,-18.978242130658632
2012-10-01,0.31991257846213694,2012,10,9.917289932326245,5.096185649136305,18.09480012173924,0.19822524625944019,0.11359855291642867,15.708612551768645,-4.82110428318994
2012-11-01,0.26225033636218553,2012,11,7.867510090865566,7.792028428809199,18.212615750615385,0.32538601361860764,0.07832308877734395,15.755996426442536,-0.07548166205636697
2012-12-01,0.286534429094482,2012,12,8.882567301928942,4.905193355389649,18.222137028076986,0.24904363035305352,0.07795758452470357,16.463909011794613,-3.977373946539293
2013-01-01,0.2690804602484043,2013,1,8.341494267700535,8.28292815977504,18.46965842590174,-0.022606790061555755,0.04185690267904892,14.229154862349041,-0.0585661079254951
2013-02-01,0.18752513657433692,2013,2,5.250703824081434,11.037135378377034,18.05280924145802,0.17409118911254978,-0.0059076232823942415,14.2780362194364,5.7864315542956
2013-03-01,0.1877029947342942,2013,3,5.81879283676312,12.337218730772461,18.41469481499388,-0.014054291800124396,0.0455962041734563,13.84351926280987,6.518425894009341
2013-04-01,0.3178796509175565,2013,4,9.536389527526694,4.798599250068787,18.662700479732393,-0.18763726518201132,0.10464851956758484,15.779985076629693,-4.737790277457907
2013-05-01,0.276244886707542,2013,5,8.563591487933802,6.048045199384553,18.15242033211547,-0.03318718922947318,0.1348467521794107,14.031962071685852,-2.515546288549249
2013-06-01,0.4148921025838764,2013,6,12.446763077516291,1.770615808330609,17.91233541975066,-0.48392586890263145,0.17465828505518133,14.606011884031355,-10.676147269185682
2013-07-01,0.5084802793278723,2013,7,15.762888659164043,1.2832827969306526,17.45968933277902,-0.7344651453592183,0.16590347016579238,15.875407000282507,-14.47960586223339
2013-08-01,0.5466607667125114,2013,8,16.94648376808785,1.2110190144134017,17.882501610821123,-0.48034373992697926,0.16240153389130624,17.173959797796453,-15.73546475367445
2013-09-01,0.6094979004866906,2013,9,18.284937014600718,1.0738220877025677,18.544668431244645,-0.34042413238583563,0.11399319828781622,18.353024388446894,-17.21111492689815
2013-10-01,0.36674096645136994,2013,10,11.368969959992468,3.8384972873683663,18.21486511747753,0.03098029377719963,0.13058129518127548,16.383255025725408,-7.530472672624102
2013-11-01,0.36543289434410886,2013,11,10.962986830323265,2.5191067291476905,18.08884798377676,0.4272178916896129,0.09850410836186982,18.512879047460974,-8.443880101175575
2013-12-01,0.3337798471630617,2013,12,10.347175262054913,4.707784226769301,18.433000640578086,0.23765309950298266,0.09009286516912832,16.443693841726112,-5.639391035285612
2014-01-01,0.22353842465072962,2014,1,6.929691164172619,10.033023440974114,18.28344463114263,0.14660377315195516,0.0405266453497608,13.930510282082071,3.1033322768014955
2014-02-01,0.20343960374489675,2014,2,5.696308904857109,9.976572581730082,18.10238562260014,0.15638967816191,0.012961703864301755,14.249703805918495,4.2802636768729725
2014-03-01,0.15238916146167078,2014,3,4.724064005311794,11.239391549396423,18.02498126549608,0.1001534070307879,-0.010106657090029794,14.079591242531253,6.515327544084629
2014-04-01,0.3368562593792692,2014,4,10.105687781378077,4.469310433006298,18.681104104250664,-0.3410464314486953,0.12236379726735097,15.618550589095273,-5.636377348371779
2014-05-01,0.22386345312361408,2014,5,6.939767046832037,7.753457454692561,18.24683687253321,-0.09875358845842563,0.13952378292475748,13.48197154700191,0.8136904078605243
2014-06-01,0.4250215051541204,2014,6,12.750645154623612,2.482842441569605,18.211376307813566,-0.6218448356430666,0.19440537002836134,14.970791207218017,-10.267802713054007
2014-07-01,0.6436296754697874,2014,7,19.95251993956341,0.794213670400375,18.451296938444898,-0.9243909736265274,0.21440838821123392,17.000375691433003,-19.158306269163035
2014-08-01,0.6339712893579073,2014,8,19.653109970095123,1.0211403847447658,18.36857572154514,-0.654704806073691,0.15570762523007475,17.90973005318172,-18.631969585350358
2014-09-01,0.5391772310185511,2014,9,16.175316930556534,2.2897277107673317,18.673658897173084,-0.27490817396744666,0.14256168635974736,18.086732896898067,-13.885589219789201
2014-10-01,0.427352903765561,2014,10,13.247940016732391,3.145088958445109,18.688281759308722,-0.07332844312888634,0.11326092823016978,18.0393660217157,-10.102851058287282
2014-11-01,0.32681943833757604,2014,11,9.80458315012728,4.977313502336659,18.35321289165961,0.31777693951009517,0.08171549799146097,17.043274487322552,-4.827269647790621
2014-12-01,0.3152316591885037,2014,12,9.772181434843615,5.74465027080154,18.564450954995266,0.13327666236246463,0.11528521535827474,16.34061568253407,-4.027531164042075
2015-01-01,0.3029595781529456,2015,1,9.391746922741314,8.291923682585237,18.37901638765709,-0.12972888748510567,0.12534677669973193,15.085180208418674,-1.099823240156077
2015-02-01,0.21199931691135002,2015,2,5.9359808735178,7.823518969313235,18.285779942522424,0.06818200370098323,0.02287434012769128,14.581574981637122,1.8875380957954349
2015-03-01,0.15562491642313933,2015,3,4.824372409117319,15.613971374409429,18.1797925747436,0.07647999822019953,-0.00851757387141992,13.197281726666777,10.789598965292111
2015-04-01,0.2457383576182886,2015,4,7.372150728548658,8.68469070939986,18.406271743585705,-0.34398986569349455,0.09627179724321971,14.415547430821391,1.3125399808512013
2015-05-01,0.2939182833317172,2015,5,9.111466783283234,6.436202250246221,18.67681805168604,-0.4058187161304241,0.10628413824015012,14.378355196059042,-2.675264533037013
2015-06-01,0.4941856866540893,2015,6,14.82557059962268,2.006603912887373,18.426332866594066,-0.8335620061229267,0.16731754023860895,15.369093146832396,-12.818966686735306
2015-07-01,0.5271561896412751,2015,7,16.341841878879528,1.4870316423734933,18.589931222013206,-0.6701792801105922,0.1814267598132021,15.753593408291545,-14.854810236506035
2015-08-01,0.6851101717869299,2015,8,21.238415325394826,0.6704840736858205,19.158714708152672,-0.6534430926630275,0.16318294171669342,18.299647462673914,-20.567931251709005
2015-09-01,0.6736230987450287,2015,9,20.20869296235086,1.1470478670794708,19.735539490991812,-0.42417737603970546,0.1510309813697675,18.8837436082778,-19.061645095271388
2015-10-01,0.44871143020867,2015,10,13.91005433646877,4.147633252476653,19.2959716195532,-0.09755557670676784,0.15840857705370132,16.88957854203763,-9.762421083992116
2015-11-01,0.37076315640731716,2015,11,11.122894692219514,4.942502189229397,19.2169405164704,0.09717074025863562,0.1253767126705596,17.197733737552085,-6.180392502990117
2015-12-01,0.500035026508803,2015,12,15.501085821772895,4.341498310731861,19.820784584237686,-0.42694304294021773,0.15012533879059503,17.4255639821315,-11.159587511041034
2016-01-01,0.22017583947560432,2016,1,6.825451023743734,10.72779282016497,19.29992923258351,0.2386723940078968,0.07224549162109166,15.158918508439863,3.9023417964212355
2016-02-01,0.23083885165732657,2016,2,6.69432669806247,12.78934586395137,19.20037548066,-0.09722166184660351,0.06459882641774851,13.91032427833886,6.0950191658889
2016-03-01,0.18739227904659925,2016,3,5.809160650444577,12.485280565957105,19.077383278227728,-0.12166909304654593,0.01950215138202922,13.196844527032273,6.676119915512528
2016-04-01,0.20213219793469175,2016,4,6.063965938040752,11.15167607416714,18.9249376610735,-0.07423431781214068,0.06343371504923659,13.791376066883249,5.087710136126388
2016-05-01,0.3356751240805883,2016,5,10.405928846498238,3.5213060718630165,19.148498238149273,-0.36886841426234795,0.12113417544534323,15.468128179814958,-6.884622774635222
2016-06-01,0.4536849093845813,2016,6,13.610547281537439,2.1834578458583866,18.305315547404064,-0.6181313463317888,0.16681955217498443,15.21024863789815,-11.427089435679052
2016-07-01,0.5742009712704063,2016,7,17.800230109382593,0.9044988383073902,18.427510089875568,-0.593000804260715,0.14924617156831543,16.355546486404403,-16.895731271075203
2016-08-01,0.6537800310261338,2016,8,20.267180961810148,1.0104625729140524,18.934551152961433,-0.5771207767014819,0.1508546483424922,18.027600132142098,-19.256718388896097
2016-09-01,0.5907734404616501,2016,9,17.723203213849505,1.5163046866498358,19.145867620328374,-0.32159571146188776,0.14154418153491377,18.090838111324953,-16.20689852719967
2016-10-01,0.4031714161809744,2016,10,12.498313901610206,2.6688437598409536,18.86078445603772,0.191872099259368,0.12872498519879141,17.931680261397894,-9.829470141769253
2016-11-01,0.44034624266416067,2016,11,13.21038727992482,2.0625187648927557,19.07248416913842,0.4421628864734757,0.0728785359713812,19.12574377851543,-11.147868515032064
2016-12-01,0.2703326797757728,2016,12,8.380313073048956,8.439072798814136,18.45279483015196,0.2999132027590004,0.06909180489020189,15.202787966169927,0.05875972576517974
2017-01-01,0.16352081029823307,2017,1,5.069145119245225,12.872883664265066,17.911190609676282,0.1978678758875681,0.031306276820508995,13.229364794123876,7.803738545019841
2017-02-01,0.14310877371140693,2017,2,4.007045663919394,14.19858519926184,17.98703734498048,0.18140701379081578,-0.013100940045078509,13.799732623207852,10.191539535342446
2017-03-01,0.10865954138173169,2017,3,3.3684457828336822,21.61654761778433,17.907048752075582,0.02719002294038613,-0.03270541080033276,12.449288848960911,18.24810183495065
2017-04-01,0.20482268710919943,2017,4,6.144680613275983,9.667200705883207,18.45799668378953,-0.22623407245482144,0.06950980352895711,13.64830118009746,3.522520092607224
2017-05-01,0.21168628005702114,2017,5,6.562274681767655,6.434670812727988,18.283379555785814,-0.18108612046806524,0.09864156078977418,13.428655517974432,-0.12760386903966747
2017-06-01,0.2798494716747889,2017,6,8.395484150243668,3.7734896875074644,17.91915480417498,-0.31214899349636976,0.14662662994828768,13.149554966169928,-4.621994462736204
2017-07-01,0.5242452479074592,2017,7,16.251602685131235,1.1425042421389484,17.547753449316133,-0.8143627099528118,0.18524073914574304,16.57135069044424,-15.109098442992288
2017-08-01,0.4992200829559892,2017,8,15.475822571635664,1.187959948218493,18.430390767985784,-0.3201181589694118,0.13410461204049778,16.95483026725051,-14.28786262341717
2017-09-01,0.5492132924134794,2017,9,16.47639877240438,1.8273935460032846,18.887280415905934,-0.31353028617560896,0.14886607951351424,17.33068852253867,-14.649005226401096
2017-10-01,0.3672504725898848,2017,10,11.38476465028643,4.018527223683038,18.624119047031115,-0.00932677673311825,0.12610063856625864,16.677305237773616,-7.366237426603392
2017-11-01,0.36085896097876774,2017,11,10.825768829363032,3.109994259581161,18.369643083485244,0.39786193374018436,0.07043660489404362,17.32059102252984,-7.715774569781871
2017-12-01,0.2515807367481386,2017,12,7.799002839192296,7.797268232483648,18.28929430923023,0.2863189989719461,0.06893469285591147,14.960801228194079,-0.001734606708647668
2018-01-01,0.2089507818274741,2018,1,6.477474236651696,8.827892717962579,17.759724748170697,0.07908326453497133,0.07151920939074437,14.080027161169577,2.350418481310882
2018-02-01,0.1895990119546705,2018,2,5.308772334730774,12.756011770913727,17.938154928909455,0.32390535291166195,-9.171809001076305e-05,14.48880182696518,7.447239436182953
2018-03-01,0.2193147760885574,2018,3,6.798758058745279,6.982918184152425,18.40224405586804,-0.03222366443199999,0.024509160243670915,14.418018738920471,0.18416012540714544
2018-04-01,0.20593664599698835,2018,4,6.178099379909651,6.4327106508044505,18.087720358295087,-0.1317545287108487,0.040952310023970234,14.938731754855564,0.2546112708947996
2018-05-01,0.2563082721897788,2018,5,7.945556437883143,6.7266141857064445,18.09483750302428,-0.23718294931321882,0.12075718830463464,13.781337070908961,-1.2189422521766984
2018-06-01,0.4211476245521178,2018,6,12.634428736563533,2.0614446633474723,17.72172553865778,-0.5563363641641499,0.16206476036560505,15.053013463733318,-10.57298407321606
2018-07-01,0.5088522205741564,2018,7,15.774418837798848,0.987755493956568,17.77866957636411,-0.6369181218831936,0.18416965667015506,15.83203257920757,-14.78666334384228
2018-08-01,0.6172558802037771,2018,8,19.13493228631709,1.1138806131353258,18.375104243856924,-0.7011771371484317,0.17221242437356613,17.46086655455894,-18.021051673181763
2018-09-01,0.5783569371079935,2018,9,17.350708113239804,1.496269932670142,18.90174415513468,-0.2698638643094633,0.14459778520126226,18.82173946411044,-15.854438180569662
2018-10-01,0.3519951426206386,2018,10,10.911849421239795,3.5439133323205185,18.529250708945824,0.32424972067277325,0.1297097170754537,16.634043401830603,-7.367936088919277
2018-11-01,0.28391836333970105,2018,11,8.517550900191031,7.413414001729834,18.48209428294865,0.3683961790424172,0.10540081133015015,14.901701761494454,-1.1041368984611974
2018-12-01,0.35386185604682446,2018,12,10.969717537451558,5.910104813748474,18.458515491239154,-0.08314432950669469,0.12360054999221576,16.1725853088495,-5.059612723703084
2019-01-01,0.23697779126340762,2019,1,7.346311529165637,8.582221870591114,18.36944527207436,-0.06960135060554255,0.06674213774485964,14.587585751112364,1.2359103414254777
2019-02-01,0.19489907733616804,2019,2,5.457174165412705,14.508647557013111,18.59317010394159,-0.06250254715033715,0.008691259457302402,13.600652686771667,9.051473391600407
2019-03-01,0.19307396843421767,2019,3,5.985293021460748,12.013881738767035,18.688396557475755,-0.18134614372078298,0.04725094341324145,13.770805263401368,6.028588717306286
2019-04-01,0.1968099118725993,2019,4,5.904297356177979,8.606195478345253,18.651744595903608,-0.08576580716843107,0.06735666441929206,14.132674891941521,2.7018981221672735
2019-05-01,0.27137145865563844,2019,5,8.412515218324792,4.606509918862905,18.616068177351508,-0.2294371114106187,0.11283152981896935,14.045606351295996,-3.806005299461887
2019-06-01,0.41246110308471046,2019,6,12.373833092541314,2.50432753913054,18.229691471444994,-0.594775880037269,0.1812641038860303,14.451513330249313,-9.869505553410775
2019-07-01,0.4651681957967275,2019,7,14.420214069698552,2.2533537989787575,17.870232492604885,-0.6260514442206224,0.20026007782344518,15.542108278409492,-12.166860270719795
2019-08-01,0.6619900099043602,2019,8,20.521690307035165,1.149202096675238,18.0213256641955,-0.9028669423711475,0.1951569181283708,18.592725448195495,-19.372488210359926
2019-09-01,0.5172376865196201,2019,9,15.517130595588602,2.1372353554528085,18.7017162582448,-0.30849941269018966,0.11843213638315364,17.81620296770302,-13.379895240135793
2019-10-01,0.3490086529552773,2019,10,10.819268241613596,4.795045288342893,18.033067822356998,-0.024285538266107416,0.12123766524010907,15.621481724416114,-6.024222953270703
2019-11-01,0.28568525210670304,2019,11,8.570557563201092,6.0769307325222535,18.388477034090272,0.2682406565371656,0.10587941277573548,15.230444214845683,-2.4936268306788385
2019-12-01,0.22197958212583832,2019,12,6.881367045900988,9.456962774565426,18.395620038689742,0.12385100747192045,0.10853890478884619,13.873930864609083,2.575595728664438
2020-01-01,0.24311376720057992,2020,1,7.536526783217978,5.907203705618804,18.78134739631497,0.06425347366241409,0.07897693803228055,15.808618040822095,-1.6293230775991736
2020-02-01,0.23822319223561478,2020,2,6.908472574832828,10.26826716291235,19.031036868803653,0.009910766296580711,0.0757067599061839,14.832978137085952,3.359794588079522
2020-03-01,0.18161501678370548,2020,3,5.6300655202948695,10.900181473857353,18.682006482891495,0.09998994534008414,0.03164617499521166,14.642632802612294,5.270115953562484
2020-04-01,0.2432129223166055,2020,4,7.296387669498165,7.92644794237489,18.60376029627173,-0.22990655599319712,0.06071664222982934,14.741670055865521,0.6300602728767251
2020-05-01,0.3387326183100757,2020,5,10.500711167612346,3.8128057245177795,18.90548008303739,-0.32712281970235524,0.1347193096610009,14.572607906066812,-6.687905443094566
2020-06-01,0.4392601589601777,2020,6,13.177804768805332,1.7834438005657458,18.398018789517096,-0.33195923388244253,0.17592446522335856,15.025256889963973,-11.394360968239587
2020-07-01,0.4631541166295285,2020,7,14.357777615515383,2.101441659581893,18.14667556130098,-0.3696371055321216,0.17655339258876804,15.613110814040532,-12.25633595593349
2020-08-01,0.5829305431885723,2020,8,18.070846838845743,0.773495728450579,18.453470378848465,-0.38177648288768035,0.17990769281824462,18.23341335609859,-17.297351110395162
2020-09-01,0.618646204071706,2020,9,18.55938612215118,1.5461777606572735,18.938366551792853,-0.26119655643077583,0.13224152045630824,18.31384938232749,-17.01320836149391
2020-10-01,0.5655680184554958,2020,10,17.532608572120367,1.575540733446834,19.166019321853526,-0.15073140545310298,0.13347662427228538,18.647366876634617,-15.957067838673533
2020-11-01,0.4704419548648535,2020,11,14.113258645945606,1.743281383394289,19.020002027018904,0.3423536163121009,0.09183789532150419,17.549720923440923,-12.369977262551318
2020-12-01,0.22009327189925337,2020,12,6.822891428876854,11.010016117821074,17.84482966186681,0.2638497614946411,0.08311437743810857,14.052410462885797,4.18712468894422
2021-01-01,0.21316913183838357,2021,1,6.608243086989891,10.677314237525215,17.77834580208139,0.07436033658821692,0.08073986552429953,14.381203058266825,4.069071150535324
2021-02-01,0.22737108696869082,2021,2,6.366390435123343,6.985825966342455,18.328799911144472,0.1847838516229963,0.07653172004861901,15.236288568331101,0.6194355312191124
2021-03-01,0.13830975931045908,2021,3,4.287602538624231,14.900853521308093,17.731813664129504,0.08085206144483625,0.033810586509701895,13.491057290636693,10.613250982683862
2021-04-01,0.2305802322345079,2021,4,6.917406967035237,9.98700530361508,18.255219052671237,-0.19923587094273335,0.06469862868080486,14.564778267038626,3.0695983365798423
2021-05-01,0.30406259251838813,2021,5,9.425940368070032,4.17107982270055,17.96541576481127,-0.2775694058855608,0.1597910834635135,14.519997228900348,-5.254860545369482
2021-06-01,0.33296141178783584,2021,6,9.988842353635075,3.2924770794413787,17.774008942566468,-0.2831178670953631,0.17088420708154722,13.983153017656615,-6.696365274193696
2021-07-01,0.5393294946375352,2021,7,16.719214333763592,1.2137072262500106,17.767377298687677,-0.7032182210413984,0.20899705046928477,16.37462285952398,-15.505507107513582
2021-08-01,0.5364036918909091,2021,8,16.62851444861818,1.070642809507556,18.26394534711494,-0.39542129816194993,0.15667330517389308,17.012809518468814,-15.557871639110624
2021-09-01,0.6052755168816968,2021,9,18.158265506450903,1.3773348779438055,18.73961485824941,-0.2896155327657444,0.14648143793366472,17.835676053481613,-16.780930628507097
2021-10-01,0.36486191801385937,2021,10,11.31071945842964,5.045540358478176,18.6505986219409,0.1307518780757684,0.12629386278959778,16.177128361126037,-6.265179099951464
2021-11-01,0.38905276139812034,2021,11,11.67158284194361,4.373501496163224,18.281667282349076,0.48120235179354487,0.07676150787178931,15.468767337382586,-7.298081345780386
2021-12-01,0.32274340443690214,2021,12,10.005045537543966,5.396535886973032,18.398867170214203,0.36466692342488083,0.09028925674430933,15.247483846387455,-4.608509650570934
2022-01-01,0.28130155433164317,2022,1,8.720348184280938,7.377588410477955,18.148005118142066,0.3454577692299796,0.057520948701410356,15.268503101137085,-1.3427597738029835
2022-02-01,0.22844911629026685,2022,2,6.396575256127472,9.191136552066654,17.794365753512068,0.32674164020692703,0.06891139744617766,14.105579004237585,2.7945612959391823
2022-03-01,0.13824064745886228,2022,3,4.285460071224731,15.741022643950705,17.80419097712877,0.19118830911671506,0.012352121828538449,13.384823468240162,11.455562572725974
2022-04-01,0.2157093708830392,2022,4,6.471281126491176,8.752547976901111,18.051378113823148,-0.11128425961859574,0.08069351623856301,13.621870686842287,2.281266850409935
2022-05-01,0.32869709287096033,2022,5,10.18960987899977,3.6068555918219705,18.062481076472125,-0.2924787704701628,0.1345470980640117,14.278353326788613,-6.582754287177799
2022-06-01,0.3413660024288763,2022,6,10.24098007286629,3.187765772612193,17.15657647644298,-0.23033472295955498,0.15806238539635317,14.848636358994282,-7.053214300254096
2022-07-01,0.41067514871217303,2022,7,12.730929610077364,2.4619850879736154,17.53644256128399,-0.3494135330386633,0.18035474750683955,15.175085484921249,-10.268944522103748
2022-08-01,0.534696288014785,2022,8,16.575584928458333,1.6117982966198858,17.935022921009647,-0.4251884860805185,0.16341357342612062,17.37474069694187,-14.963786631838447
2022-09-01,0.4602308559442196,2022,9,13.806925678326587,0.38180533649556414,18.567255583792132,-0.07830659840872951,0.16687344369835097,5.7020084676674285,-13.425120341831024
2022-10-01,0.3283240739157707,2022,10,10.178046291388892,1.0632014109544135,18.42580128116157,0.23672121663460316,0.09517758505030686,5.790530149688978,-9.114844880434479
2022-11-01,0.35627529676981595,2022,11,10.688258903094479,0.941797789768147,18.569709072925264,0.29217271038987336,0.07560157782614374,5.944742565506039,-9.746461113326331
2022-12-01,0.2872172179235648,2022,12,8.903733755630508,2.019592417418434,18.292523179565194,0.35615002929646544,0.08344886521682185,5.056666605974995,-6.884141338212075
2023-01-01,0.1903276337426536,2023,1,5.900156646022261,3.077986950289353,17.996323763824932,0.21561608023878898,0.06221828882333391,4.6236043826541415,-2.8221696957329083
2023-02-01,0.15292968946001603,2023,2,4.282031304880449,5.890618912839885,18.272498486255643,0.0023740944497640574,0.0887599468601651,4.209319249028887,1.6085876079594366
2023-03-01,0.06572608279380537,2023,3,2.0375085666079666,5.318038387429731,17.92236267279509,0.0975872977102061,-0.024284742875189776,4.261958068017693,3.280529820821764
2023-04-01,0.08864153012054411,2023,4,2.6592459036163234,6.462444766306888,17.980291149722177,-0.16859705500855637,-0.04230131464107568,3.924438534147891,3.8031988626905644
