date,precip_mm,year,month,temp_c,wind_u,wind_v,solar_rad
2015-01-16 12:00:00,0.00010864425,2015,1,291.42383,-9.42289,0.64127725,195.4378
2015-02-15 00:00:00,0.0001851143,2015,2,291.4358,-7.9684134,0.56674343,193.97343
2015-03-16 12:00:00,0.00031224318,2015,3,291.3047,-4.7235236,0.5705393,151.70688
2015-04-16 00:00:00,0.00033111102,2015,4,291.40576,-2.8496222,0.16927092,150.48532
2015-05-16 12:00:00,0.00027343276,2015,5,290.7192,-1.7188658,0.15739007,154.81372
2015-06-16 00:00:00,0.00021446799,2015,6,290.7148,-4.6340556,-0.36672407,163.87067
2015-07-16 12:00:00,9.574264e-05,2015,7,290.7585,-5.7223926,-0.6473491,187.26491
2015-08-16 12:00:00,8.1324346e-05,2015,8,291.04767,-6.8155746,-1.22247,215.00427
2015-09-16 00:00:00,0.00018781965,2015,9,291.33112,-3.8240721,-0.5802007,180.04915
2015-10-16 12:00:00,0.00048718264,2015,10,290.5304,-0.9994273,0.48688096,106.39261
2015-11-16 00:00:00,0.00028576038,2015,11,290.72003,-2.0580873,0.12514572,155.70566
2015-12-16 12:00:00,0.0002920233,2015,12,290.982,-5.6129036,1.404058,148.90347
2016-01-16 12:00:00,0.00011045,2016,1,291.34296,-4.5262403,2.971826,202.1489
2016-02-15 12:00:00,0.00026268192,2016,2,291.59277,-6.776501,1.3145827,162.82626
2016-03-16 12:00:00,0.00016153009,2016,3,292.16364,-4.5335407,0.9016273,215.08699
2016-04-16 00:00:00,0.00030790534,2016,4,291.44223,-2.88547,1.1196693,152.50073
2016-05-16 12:00:00,0.00039620386,2016,5,290.94717,-4.1805544,0.55870533,130.36679
2016-06-16 00:00:00,0.00023574641,2016,6,291.23535,-6.5886307,-0.48081097,166.19214
2016-07-16 12:00:00,7.687015e-05,2016,7,290.99677,-7.0398264,-1.1215763,189.59106
2016-08-16 12:00:00,0.00013562846,2016,8,291.04852,-5.836762,-1.1371195,196.9396
2016-09-16 00:00:00,0.00022303451,2016,9,291.28607,-4.136807,-0.32898206,176.26599
2016-10-16 12:00:00,0.00042993974,2016,10,290.5547,-2.7553232,-0.41000965,117.91977
2016-11-16 00:00:00,0.00039872885,2016,11,290.01135,-3.40913,0.25856352,114.38243
2016-12-16 12:00:00,0.00030713493,2016,12,290.20016,-6.314016,1.0265225,127.46064
2017-01-16 12:00:00,0.00024813437,2017,1,291.04553,-5.5320497,1.0963308,158.27322
2017-02-15 00:00:00,0.00022583394,2017,2,290.92322,-5.5721126,0.67260677,150.31613
2017-03-16 12:00:00,0.00031169457,2017,3,291.37872,-4.7593594,0.67144775,150.01892
2017-04-16 00:00:00,0.00037974975,2017,4,291.2527,-1.0042253,0.5183833,152.02835
2017-05-16 12:00:00,0.00022195748,2017,5,291.1921,-2.1422105,0.41481495,172.86429
2017-06-16 00:00:00,0.00026656516,2017,6,291.00003,-3.962175,-0.6234402,145.92833
2017-07-16 12:00:00,0.00015541441,2017,7,291.15723,-5.3415136,-0.6952064,193.06598
2017-08-16 12:00:00,0.00022672582,2017,8,290.88037,-4.409958,-0.84632796,177.70981
2017-09-16 00:00:00,0.0002795561,2017,9,291.1481,-1.004005,0.68341714,167.0893
2017-10-16 12:00:00,0.00032018637,2017,10,290.337,-2.98584,0.10394102,129.223
2017-11-16 00:00:00,0.00038508483,2017,11,290.4782,-2.6813312,1.3852799,119.65645
2017-12-16 12:00:00,0.00023149888,2017,12,290.7266,-6.4856586,1.3945231,148.93591
2018-01-16 12:00:00,0.00021758117,2018,1,290.67523,-7.78036,0.9396551,155.39803
2018-02-15 00:00:00,0.00018572217,2018,2,291.30344,-7.9539433,0.68252534,181.46988
2018-03-16 12:00:00,0.00022107478,2018,3,291.2411,-5.7194157,1.3149915,175.66672
2018-04-16 00:00:00,0.00037649056,2018,4,290.90973,-3.781855,1.0462517,135.96068
2018-05-16 12:00:00,0.00024548362,2018,5,291.0858,-3.0785239,0.9281896,161.7615
2018-06-16 00:00:00,0.00026130068,2018,6,290.56274,-4.963271,-0.629781,150.4946
2018-07-16 12:00:00,0.00014304245,2018,7,291.26862,-6.614771,-0.7005967,180.61275
2018-08-16 12:00:00,0.0002675238,2018,8,291.1249,-4.8766866,-0.17193231,166.77971
2018-09-16 00:00:00,0.00022754338,2018,9,291.64038,-2.6128616,0.06458039,168.23068
2018-10-16 12:00:00,0.00034550665,2018,10,291.30194,-2.087377,0.37908107,146.35611
2018-11-16 00:00:00,0.00036917592,2018,11,290.88403,-1.4637297,0.22611131,130.24084
2018-12-16 12:00:00,0.00033889833,2018,12,291.282,-4.273699,1.3860699,134.41376
2019-01-16 12:00:00,0.00011287694,2019,1,292.20285,-6.4713497,2.1549034,200.47165
2019-02-15 00:00:00,0.00018090855,2019,2,292.47473,-7.102512,1.8231319,189.93211
2019-03-16 12:00:00,0.00031465243,2019,3,292.7919,-4.93881,1.0738704,172.6013
2019-04-16 00:00:00,0.0004613622,2019,4,292.30188,-3.2075975,0.5150549,133.29031
2019-05-16 12:00:00,0.00030700286,2019,5,291.86145,-3.3428214,0.062488403,150.45784
2019-06-16 00:00:00,0.00033364637,2019,6,291.25064,-4.274808,-1.0981016,125.46771
2019-07-16 12:00:00,0.00024338576,2019,7,291.19998,-3.368239,-1.41426,154.8609
2019-08-16 12:00:00,0.0001671719,2019,8,291.32233,-4.968282,-1.2875454,188.66127
2019-09-16 00:00:00,0.00026679187,2019,9,291.42603,-3.9495785,-0.8090265,158.1806
2019-10-16 12:00:00,0.0003669086,2019,10,290.5545,-3.567503,-0.32327762,129.44318
2019-11-16 00:00:00,0.00037656532,2019,11,290.099,-3.6781294,-0.37687868,114.48289
2019-12-16 12:00:00,0.0002900418,2019,12,289.9344,-5.9675584,0.19800587,130.0437
2020-01-16 12:00:00,0.00028329378,2020,1,289.9336,-9.466313,0.28701013,133.0252
2020-02-15 12:00:00,0.00036297858,2020,2,290.52747,-6.3126645,1.5843252,136.00522
2020-03-16 12:00:00,0.00030848128,2020,3,290.7893,-4.6030674,1.2136555,151.8175
2020-04-16 00:00:00,0.00036221495,2020,4,290.521,-1.7847464,0.75006515,134.80228
2020-05-16 12:00:00,0.00016712525,2020,5,290.44604,-0.8295341,0.81932396,189.51239
2020-06-16 00:00:00,0.00019400628,2020,6,290.20306,-4.2587566,-0.85967624,157.4992
2020-07-16 12:00:00,0.00014699632,2020,7,290.63736,-6.9736543,-0.8936921,190.4935
2020-08-16 12:00:00,0.00014180022,2020,8,291.33502,-4.597558,-0.7714466,201.55939
2020-09-16 00:00:00,0.00024992143,2020,9,291.3627,-3.2313313,-0.59769857,173.13191
2020-10-16 12:00:00,0.0003760148,2020,10,290.46017,-1.9986436,-0.31530207,122.653305
2020-11-16 00:00:00,0.00039674508,2020,11,290.25287,-1.8466406,0.61047167,115.38846
2020-12-16 12:00:00,0.00026319938,2020,12,290.38412,-5.024245,1.0810487,127.20803
2021-01-16 12:00:00,0.00021110818,2021,1,290.83344,-7.7583666,1.7281965,163.28229
2021-02-15 00:00:00,0.0001290925,2021,2,291.2545,-7.129715,1.3293692,207.42464
2021-03-16 12:00:00,0.00020521169,2021,3,291.55963,-3.846156,1.4837457,168.55066
2021-04-16 00:00:00,0.00036433185,2021,4,291.18774,-3.9304912,0.45139074,141.92682
2021-05-16 12:00:00,0.00028054608,2021,5,291.1986,-4.4985256,0.5751933,147.82838
2021-06-16 00:00:00,0.00020328118,2021,6,290.9754,-5.759309,0.7778161,172.84615
2021-07-16 12:00:00,0.00015418693,2021,7,291.32495,-7.1593347,-0.107209854,181.79187
2021-08-16 12:00:00,0.00018075248,2021,8,291.5989,-5.5641503,-0.30206212,176.06207
2021-09-16 00:00:00,0.00039281778,2021,9,291.2042,-3.742185,-0.99462116,142.41298
2021-10-16 12:00:00,0.0003854424,2021,10,290.8389,-1.8254057,0.39582953,129.1306
2021-11-16 00:00:00,0.00031515735,2021,11,290.88016,-3.2987347,0.06415655,132.37389
2021-12-16 12:00:00,0.00030122194,2021,12,291.28302,-5.622668,1.0536404,140.3588
2022-01-16 12:00:00,0.00010215836,2022,1,292.0166,-6.490111,2.8501234,213.51804
2022-02-15 00:00:00,0.00012167678,2022,2,292.34613,-6.760786,1.19104,227.01245
2022-03-16 12:00:00,0.00027585842,2022,3,292.3863,-4.809973,0.81077075,149.89188
2022-04-16 00:00:00,0.000523465,2022,4,292.22382,-2.9344714,0.34261551,128.62029
2022-05-16 12:00:00,0.00043200687,2022,5,291.64984,-1.9946735,0.48817855,122.35881
2022-06-16 00:00:00,0.0002534187,2022,6,291.85825,-4.748422,-0.42560235,166.87503
2022-07-16 12:00:00,0.00019390148,2022,7,291.0534,-5.644191,-0.68041945,175.84676
2022-08-16 12:00:00,0.00012200759,2022,8,291.42688,-5.4774647,-0.63529044,194.68002
2022-09-16 00:00:00,0.00034235188,2022,9,291.4729,-3.2890203,0.19351836,154.38066
2022-10-16 12:00:00,0.00038915907,2022,10,290.42874,-4.202094,0.16673447,121.16939
2022-11-16 00:00:00,0.00039478217,2022,11,290.55658,-3.7238414,-0.051359866,119.3101
2022-12-16 12:00:00,0.00018262831,2022,12,290.94397,-6.604432,1.4055265,149.35156
2023-01-16 12:00:00,0.00013232286,2023,1,290.62155,-8.218629,1.1977423,164.72751
2023-02-15 00:00:00,0.00014644736,2023,2,290.9807,-8.447869,0.8398059,176.13159
2023-03-16 12:00:00,0.00030326546,2023,3,290.8068,-5.8530955,1.2994574,160.4473
2023-04-16 00:00:00,0.00035997658,2023,4,290.9118,-2.1425896,1.5756392,138.7371
2023-05-16 12:00:00,0.0002309663,2023,5,290.99347,-2.4681742,0.2542422,164.69563
2023-06-16 00:00:00,0.0002938989,2023,6,290.63647,-3.6571312,-0.30008474,140.36664
2023-07-16 12:00:00,8.753601e-05,2023,7,290.9754,-6.328595,-1.0915194,215.75734
2023-08-16 12:00:00,0.00017073161,2023,8,291.40894,-5.1734986,-0.8783963,182.23956
2023-09-16 00:00:00,0.0001828605,2023,9,291.63745,-2.339785,-0.4671282,190.02875
2023-10-16 12:00:00,0.00038136783,2023,10,291.0053,-1.9860907,0.46532997,136.57948
2023-11-16 00:00:00,0.0004786282,2023,11,290.77615,-1.8681011,0.67531335,111.60411
2023-12-16 12:00:00,0.00024302927,2023,12,291.41315,-3.9318218,1.3002585,149.16289
2024-01-16 12:00:00,0.0001850716,2024,1,291.80347,-7.015601,2.5794086,186.76439
2024-02-15 12:00:00,0.00026148776,2024,2,291.61072,-7.4586725,1.8497878,161.63376
2024-03-16 12:00:00,0.0002751383,2024,3,292.05206,-5.289144,0.95603514,164.52306
2024-04-16 00:00:00,0.000264815,2024,4,292.18723,-3.494212,0.53918636,167.11087
2024-05-16 12:00:00,0.00023845752,2024,5,291.7204,-3.975394,0.42229718,162.01587
2024-06-16 00:00:00,0.00018695193,2024,6,291.5824,-6.5597734,-0.67207,172.48534
2024-07-16 12:00:00,9.034759e-05,2024,7,291.4714,-5.7980475,-0.44584662,203.22165
2024-08-16 12:00:00,0.00011029992,2024,8,291.52594,-6.0920954,-0.7607347,202.88269
2024-09-16 00:00:00,0.0003009127,2024,9,291.5105,-2.876137,0.2439344,157.60162
2024-10-16 12:00:00,0.00039016685,2024,10,291.2259,-2.1281545,0.38321108,129.08536
2024-11-16 00:00:00,0.00039456927,2024,11,290.91705,-2.7107635,0.86777794,121.90076
2024-12-16 12:00:00,0.00028205838,2024,12,291.34692,-6.654327,0.46383974,132.88268
2025-01-16 12:00:00,0.00028789754,2025,1,291.48294,-5.5466228,2.4273896,147.92761
2025-02-15 00:00:00,0.00025168163,2025,2,291.82568,-6.586052,1.4324803,172.88391
2025-03-16 12:00:00,0.00016940964,2025,3,292.53046,-4.8267255,0.2928652,195.1019
2025-04-16 00:00:00,0.00034152585,2025,4,292.2618,-0.61034733,0.38909975,152.58833
2025-05-16 12:00:00,0.0003877005,2025,5,291.5482,-1.1987113,0.46614933,138.577
2025-06-16 00:00:00,0.00015600424,2025,6,291.74078,-3.2785275,0.18985918,168.26205
2025-07-16 12:00:00,0.00017058005,2025,7,291.47333,-3.7334409,-0.08737132,177.27164
2025-08-16 12:00:00,4.303615e-05,2025,8,291.70874,-2.888904,0.5137806,226.68298
2025-09-16 00:00:00,0.00023512568,2025,9,291.7544,-2.712299,0.32742012,181.21445
2025-10-16 12:00:00,0.0004267435,2025,10,291.45972,-2.2295825,0.45510352,132.53479
2025-11-16 00:00:00,0.00038889318,2025,11,290.95712,-2.01664,1.2185072,135.57819
2025-12-16 12:00:00,0.00030732527,2025,12,291.20624,-6.037325,0.18560125,127.153595
2026-01-16 12:00:00,0.0002088511,2026,1,291.8883,-8.413285,1.1292306,187.4812
2026-02-15 00:00:00,0.00026322668,2026,2,292.412,-8.124574,1.7832094,184.87054
2026-03-16 12:00:00,0.00029090635,2026,3,292.07184,-6.3416038,0.41982234,152.43597
2026-04-16 00:00:00,0.00030479382,2026,4,292.05463,-3.5287757,0.13478786,148.85143
2026-05-16 12:00:00,0.00027853795,2026,5,291.88513,-1.7485185,0.7950146,154.54886
2026-06-16 00:00:00,0.00013944818,2026,6,291.99942,-3.2380486,0.29711187,170.00748
2026-07-16 12:00:00,0.00019706956,2026,7,291.5241,-5.987526,-0.76882476,173.09038
2026-08-16 12:00:00,0.0001693279,2026,8,291.41916,-6.475842,-0.9742101,189.48134
2026-09-16 00:00:00,0.000239113,2026,9,291.69104,-3.1207087,-0.27414018,166.59337
2026-10-16 12:00:00,0.00040875896,2026,10,290.74603,-1.4204794,0.5620354,123.925995
2026-11-16 00:00:00,0.00029512355,2026,11,290.56042,-2.0575306,0.39128715,144.2597
2026-12-16 12:00:00,0.00025934156,2026,12,290.96198,-3.4632576,1.8830441,144.044
2027-01-16 12:00:00,0.0001912312,2027,1,291.16675,-5.6613216,2.503535,158.13275
2027-02-15 00:00:00,0.00013732268,2027,2,291.50134,-7.799493,1.9842578,190.47131
2027-03-16 12:00:00,0.00026745594,2027,3,291.56454,-3.2622497,1.8220956,177.66708
2027-04-16 00:00:00,0.00037831534,2027,4,291.01154,-3.2476332,1.1039824,140.54129
2027-05-16 12:00:00,0.00017148597,2027,5,290.9442,-2.9186013,0.6238864,177.87564
2027-06-16 00:00:00,0.0003496809,2027,6,290.36832,-7.0583477,-0.24838789,128.2452
2027-07-16 12:00:00,0.0001394136,2027,7,290.73944,-6.6163983,-0.59987605,177.85918
2027-08-16 12:00:00,0.00029524084,2027,8,290.97165,-5.688522,-0.81082374,155.64307
2027-09-16 00:00:00,0.0003363862,2027,9,291.21463,-4.4267797,-0.5510989,157.83533
2027-10-16 12:00:00,0.00048631348,2027,10,290.67508,-3.6533532,-0.71733636,109.931335
2027-11-16 00:00:00,0.000344494,2027,11,290.4198,-3.5819647,-0.049383856,127.69937
2027-12-16 12:00:00,0.00025234805,2027,12,290.99673,-5.201979,0.81134236,142.334
2028-01-16 12:00:00,0.0002228266,2028,1,291.589,-6.4163,3.1536,149.05441
2028-02-15 12:00:00,0.000114284136,2028,2,292.17456,-8.079347,0.6237783,201.6141
2028-03-16 12:00:00,0.00031047984,2028,3,291.83698,-5.4196076,0.4920811,160.58124
2028-04-16 00:00:00,0.00027443265,2028,4,292.19556,-1.5413327,0.5727904,168.08963
2028-05-16 12:00:00,0.00019392089,2028,5,291.98462,-2.7835186,0.34668887,163.23782
2028-06-16 00:00:00,0.00033221953,2028,6,291.29276,-5.885913,-0.35131502,140.99268
2028-07-16 12:00:00,0.00010058358,2028,7,291.40002,-5.0229106,-0.3547208,208.78131
2028-08-16 12:00:00,0.00014990443,2028,8,291.72662,-5.091242,-0.3611329,190.15771
2028-09-16 00:00:00,0.00026005483,2028,9,291.89075,-3.5398297,-0.03024546,174.13579
2028-10-16 12:00:00,0.00039869672,2028,10,290.87415,-4.2473354,-0.20176123,121.156784
2028-11-16 00:00:00,0.00039963858,2028,11,291.03638,-4.3005295,0.5917323,119.54118
2028-12-16 12:00:00,0.0002515436,2028,12,291.14285,-6.233265,1.4039034,138.58545
2029-01-16 12:00:00,0.00020404227,2029,1,291.20462,-6.052619,2.546894,151.11588
2029-02-15 00:00:00,0.000113884395,2029,2,292.24615,-7.74482,0.9185859,225.94324
2029-03-16 12:00:00,0.00013445318,2029,3,292.08212,-4.3839064,0.72339016,201.44873
2029-04-16 00:00:00,0.00038354835,2029,4,291.67633,-1.48469,1.1184328,138.96667
2029-05-16 12:00:00,0.00024124511,2029,5,291.67822,-2.3845072,0.4235896,157.69756
2029-06-16 00:00:00,0.00022204798,2029,6,291.47885,-3.1046832,-0.35054508,157.35571
2029-07-16 12:00:00,0.00020099278,2029,7,291.44342,-6.826928,-1.0793446,169.99313
2029-08-16 12:00:00,0.00013263599,2029,8,291.84335,-5.1165686,-0.5678722,195.95062
2029-09-16 00:00:00,0.00022424731,2029,9,291.9532,-2.724533,0.34569559,165.02939
2029-10-16 12:00:00,0.0005391224,2029,10,291.477,-0.8225719,0.53040457,113.44707
2029-11-16 00:00:00,0.0004473689,2029,11,291.22668,-1.2585273,0.85307443,116.665955
2029-12-16 12:00:00,0.00028277445,2029,12,291.9148,-3.8537304,2.2700217,146.76134
2030-01-16 12:00:00,0.00014199494,2030,1,292.47473,-6.6045103,2.4535522,198.81787
2030-02-15 00:00:00,0.00038992742,2030,2,291.93237,-6.301249,1.7244474,127.80004
2030-03-16 12:00:00,0.0003090445,2030,3,292.536,-4.9887605,1.3598166,163.43988
2030-04-16 00:00:00,0.00034464593,2030,4,292.19077,-3.5426857,0.3438069,136.20404
2030-05-16 12:00:00,0.00037410157,2030,5,292.0504,-3.5227728,0.33052358,134.27344
2030-06-16 00:00:00,0.00037981104,2030,6,291.67297,-5.145744,-0.37303472,127.2641
2030-07-16 12:00:00,0.00024745567,2030,7,291.63773,-7.7844396,-1.1487323,155.26224
2030-08-16 12:00:00,0.00010737723,2030,8,291.9667,-6.1924086,-1.0349009,199.9568
2030-09-16 00:00:00,0.0002628771,2030,9,291.71765,-4.342168,-0.6874341,158.43549
2030-10-16 12:00:00,0.00042500082,2030,10,291.3887,-2.8367374,-0.63709456,132.09753
2030-11-16 00:00:00,0.00039932918,2030,11,290.9307,-1.6355731,0.63217086,123.43923
2030-12-16 12:00:00,0.00029736495,2030,12,291.03958,-4.6822224,0.88749737,124.48212
2031-01-16 12:00:00,0.00022211639,2031,1,291.38696,-5.927122,1.9564362,148.98508
2031-02-15 00:00:00,0.00032282685,2031,2,291.48163,-7.703738,0.6217965,156.5505
2031-03-16 12:00:00,0.00037324446,2031,3,291.65384,-4.275931,1.0615948,150.45668
2031-04-16 00:00:00,0.0004117383,2031,4,291.99042,-2.6564798,0.45788398,145.32278
2031-05-16 12:00:00,0.00029739406,2031,5,291.61572,-3.4059572,-0.26877043,157.3163
2031-06-16 00:00:00,0.00021637027,2031,6,291.46024,-3.319369,-0.16006131,161.21579
2031-07-16 12:00:00,0.0001658937,2031,7,291.46515,-6.4775076,0.0920405,183.1317
2031-08-16 12:00:00,0.00014987747,2031,8,291.98245,-6.3072705,-0.4973336,196.20549
2031-09-16 00:00:00,0.00036636842,2031,9,291.52673,-4.550679,-0.41137743,142.02739
2031-10-16 12:00:00,0.00035825986,2031,10,291.03143,-4.0878377,-0.30919576,130.43184
2031-11-16 00:00:00,0.00031393132,2031,11,290.8286,-4.6238875,0.1970744,128.97075
2031-12-16 12:00:00,0.00022014706,2031,12,290.97043,-6.408874,1.3626542,143.98251
2032-01-16 12:00:00,0.0003115617,2032,1,291.19162,-8.560951,0.8547618,133.96417
2032-02-15 12:00:00,0.00030192966,2032,2,291.4164,-6.8743076,2.2392097,137.9498
2032-03-16 12:00:00,0.00029828792,2032,3,291.6214,-3.4838474,1.4215183,160.42123
2032-04-16 00:00:00,0.0004265972,2032,4,291.38702,-1.997911,0.8980422,130.21204
2032-05-16 12:00:00,0.00020838817,2032,5,291.42957,-0.95123106,-0.16214497,146.81372
2032-06-16 00:00:00,0.00016467064,2032,6,291.23795,-2.4901414,-0.49990058,162.1839
2032-07-16 12:00:00,0.00024173266,2032,7,291.07996,-4.5809426,-0.86150765,162.82793
2032-08-16 12:00:00,0.00023448674,2032,8,291.57217,-4.7714243,-0.79254633,167.31465
2032-09-16 00:00:00,0.00019460231,2032,9,291.92407,-4.1607933,-0.26178995,184.24062
2032-10-16 12:00:00,0.00042382465,2032,10,291.37164,-0.55136883,0.53240794,134.26208
2032-11-16 00:00:00,0.00031242048,2032,11,291.18472,-0.7030559,0.67366475,137.51927
2032-12-16 12:00:00,0.00027031705,2032,12,291.19064,-4.6353745,2.1288383,127.419785
2033-01-16 12:00:00,0.00022037487,2033,1,291.7857,-6.452568,2.1719718,155.19797
2033-02-15 00:00:00,0.00032325974,2033,2,291.9958,-7.243794,1.3913277,138.70032
2033-03-16 12:00:00,0.0002936988,2033,3,292.51886,-6.4819784,0.75249577,163.18492
2033-04-16 00:00:00,0.00021736801,2033,4,292.96356,-3.9143252,0.41907865,181.87338
2033-05-16 12:00:00,0.00025610943,2033,5,292.5277,-4.4393735,0.07935654,168.82315
2033-06-16 00:00:00,0.00021441185,2033,6,292.23566,-5.7295985,-0.92478645,169.2193
2033-07-16 12:00:00,0.00022730601,2033,7,291.86646,-5.623285,-1.2596722,164.46391
2033-08-16 12:00:00,0.00014661095,2033,8,292.16666,-5.8783937,-1.1384789,185.53374
2033-09-16 00:00:00,0.0003560806,2033,9,291.50992,-5.003241,-0.88926744,142.28627
2033-10-16 12:00:00,0.00047765853,2033,10,291.19354,-2.3015862,-0.37649557,113.61476
2033-11-16 00:00:00,0.00030277367,2033,11,290.76218,-3.622056,0.033663478,138.10478
2033-12-16 12:00:00,0.00020976299,2033,12,291.24115,-4.424288,2.0309248,168.66269
2034-01-16 12:00:00,0.00022634337,2034,1,291.1548,-7.560704,0.9940611,141.03569
2034-02-15 00:00:00,0.00030841643,2034,2,291.44357,-6.0393744,1.5776644,137.88504
2034-03-16 12:00:00,0.00040874814,2034,3,291.57336,-4.624853,0.8452685,130.57317
2034-04-16 00:00:00,0.00030191155,2034,4,291.52063,-1.2616057,1.2585762,153.43771
2034-05-16 12:00:00,0.00034010276,2034,5,291.32367,-2.416864,0.3913794,143.38141
2034-06-16 00:00:00,0.00022228186,2034,6,291.03555,-6.472367,-0.2792945,150.20743
2034-07-16 12:00:00,0.0001307567,2034,7,291.32288,-7.463913,-0.5257104,187.83456
2034-08-16 12:00:00,0.000205037,2034,8,291.3568,-6.6253753,-0.7777517,170.61807
2034-09-16 00:00:00,0.00025954042,2034,9,291.8485,-4.7414465,-0.1560907,178.90979
2034-10-16 12:00:00,0.00045111444,2034,10,290.97128,-3.4487267,0.26531363,125.41583
2034-11-16 00:00:00,0.00033468107,2034,11,290.72467,-4.4336343,0.22503483,124.28286
2034-12-16 12:00:00,0.00036615404,2034,12,290.9356,-6.7054367,1.2970576,114.08621
2035-01-16 12:00:00,0.00027033789,2035,1,291.26923,-7.9467893,0.7198353,133.70224
2035-02-15 00:00:00,0.0002497915,2035,2,291.48654,-7.751791,1.3728255,148.99786
2035-03-16 12:00:00,0.0003804174,2035,3,291.93973,-5.0226607,0.89375705,156.04416
2035-04-16 00:00:00,0.00032315738,2035,4,291.58466,-2.5606828,0.6394133,145.48688
2035-05-16 12:00:00,0.0003136007,2035,5,291.41763,-3.2844224,0.34551203,147.06273
2035-06-16 00:00:00,0.0002225541,2035,6,291.08035,-6.17299,-1.0857804,154.98135
2035-07-16 12:00:00,9.1579845e-05,2035,7,291.76367,-5.743406,-0.54750806,206.21574
2035-08-16 12:00:00,0.00014703313,2035,8,291.4657,-5.68644,-0.9568942,189.4096
2035-09-16 00:00:00,0.00019378134,2035,9,291.93524,-2.494153,0.7412889,182.499
2035-10-16 12:00:00,0.00053014734,2035,10,291.15625,0.09757093,0.68680125,116.38089
2035-11-16 00:00:00,0.00039567056,2035,11,290.7839,-0.9754687,1.0127765,111.22714
2035-12-16 12:00:00,0.00028758816,2035,12,291.17926,-4.9570837,0.8998065,132.83939
2036-01-16 12:00:00,0.00021980428,2036,1,291.6603,-8.023808,0.99617326,168.5713
2036-02-15 12:00:00,0.00024334888,2036,2,291.6596,-6.446446,0.894384,158.68982
2036-03-16 12:00:00,0.00019613592,2036,3,292.17828,-5.018025,1.0082583,181.82483
2036-04-16 00:00:00,0.00040524395,2036,4,291.76636,-3.3244445,1.0448711,135.14761
2036-05-16 12:00:00,0.00021281932,2036,5,292.40344,-4.273264,0.29486692,182.53409
2036-06-16 00:00:00,0.0001588958,2036,6,292.02722,-7.1660447,-0.7766667,179.21872
2036-07-16 12:00:00,0.00012695097,2036,7,292.2294,-7.9638457,-0.35167554,199.38297
2036-08-16 12:00:00,9.967046e-05,2036,8,292.64478,-6.5646987,-0.40699178,226.02289
2036-09-16 00:00:00,0.00024558927,2036,9,292.5566,-3.517185,-0.14727822,186.63278
2036-10-16 12:00:00,0.0003726944,2036,10,291.83743,-3.2572517,-0.4596017,139.8562
2036-11-16 00:00:00,0.0005038805,2036,11,291.68555,-1.8794708,0.3315445,115.34794
2036-12-16 12:00:00,0.00020582118,2036,12,291.93475,-3.9398618,1.2552913,164.15683
2037-01-16 12:00:00,0.00024726125,2037,1,292.36835,-7.2237334,1.9964991,152.0871
2037-02-15 00:00:00,0.00026985304,2037,2,292.64395,-8.0927925,1.3087262,165.2402
2037-03-16 12:00:00,0.00018575175,2037,3,293.06854,-6.219366,0.459783,188.81271
2037-04-16 00:00:00,0.0003397502,2037,4,292.64563,-1.0732815,0.58072996,144.8826
2037-05-16 12:00:00,0.00032583528,2037,5,292.17297,-2.0756998,0.22931914,152.02202
2037-06-16 00:00:00,0.00023739146,2037,6,291.47598,-2.8670382,-0.46626002,155.8998
2037-07-16 12:00:00,0.00016059686,2037,7,291.63037,-5.9313827,-0.6610804,179.31299
2037-08-16 12:00:00,0.00012041637,2037,8,291.6742,-4.6498275,0.02790629,197.34183
2037-09-16 00:00:00,0.00020884146,2037,9,292.23785,-3.4481514,0.25316933,183.05194
2037-10-16 12:00:00,0.0003447859,2037,10,291.2345,-3.352795,-0.1508472,131.9739
2037-11-16 00:00:00,0.00029815643,2037,11,291.17435,-3.6381593,0.92271644,140.17743
2037-12-16 12:00:00,0.00014576694,2037,12,291.22357,-5.8840322,0.6335974,166.97989
2038-01-16 12:00:00,0.00016206787,2038,1,291.37723,-5.3050613,1.1755612,160.40659
2038-02-15 00:00:00,0.00022008913,2038,2,291.8233,-5.663982,1.1685036,164.67514
2038-03-16 12:00:00,0.00027987402,2038,3,291.69382,-4.8247805,1.1541739,157.36511
2038-04-16 00:00:00,0.00035097016,2038,4,291.7338,-3.817581,0.05522136,151.1561
2038-05-16 12:00:00,0.0002791175,2038,5,291.55212,-2.854593,-0.36440054,147.97934
2038-06-16 00:00:00,0.0001503558,2038,6,291.66705,-4.4585805,-0.8087527,171.12828
2038-07-16 12:00:00,0.00011404992,2038,7,291.73056,-5.9498744,-1.1745527,177.64278
2038-08-16 12:00:00,0.00016591308,2038,8,291.97595,-4.911796,-1.2587377,187.23271
2038-09-16 00:00:00,0.00021465428,2038,9,292.1385,-3.6692426,-0.44807658,174.79967
2038-10-16 12:00:00,0.00041892353,2038,10,291.06137,-1.9454442,0.3953972,119.98964
2038-11-16 00:00:00,0.00039746868,2038,11,291.22314,-2.4936714,0.007071448,118.9691
2038-12-16 12:00:00,0.00031183043,2038,12,291.42645,-5.474836,1.0451419,135.61865
2039-01-16 12:00:00,0.0001440789,2039,1,291.93738,-7.209772,1.784448,177.61502
2039-02-15 00:00:00,0.00030317204,2039,2,291.91196,-5.955761,2.1427546,158.55023
2039-03-16 12:00:00,0.00019874147,2039,3,292.1209,-4.786401,1.1358343,162.37225
2039-04-16 00:00:00,0.00042056123,2039,4,292.0781,-3.30655,0.70990545,147.8728
2039-05-16 12:00:00,0.0003197633,2039,5,291.98447,-4.076688,0.7046794,149.22305
2039-06-16 00:00:00,0.00028467661,2039,6,291.98038,-4.884912,-0.4917021,151.45013
2039-07-16 12:00:00,0.000100337136,2039,7,292.0258,-6.170445,0.063957356,199.15555
2039-08-16 12:00:00,0.0003205616,2039,8,291.78656,-7.85442,-1.4629371,154.68338
2039-09-16 00:00:00,0.00017451165,2039,9,292.1349,-5.80119,-1.0809904,184.34128
2039-10-16 12:00:00,0.0003810295,2039,10,291.62683,-3.2134197,-0.28849295,143.31975
2039-11-16 00:00:00,0.0003481458,2039,11,291.47424,-3.5728035,-0.10099064,137.98288
2039-12-16 12:00:00,0.0002541315,2039,12,291.2716,-5.1990356,0.9664802,131.6107
2040-01-16 12:00:00,0.000253501,2040,1,291.71954,-6.7464824,1.8181744,143.87012
2040-02-15 12:00:00,0.00015986271,2040,2,292.3314,-7.148411,1.0250976,192.99417
2040-03-16 12:00:00,0.00027339841,2040,3,292.23535,-5.4718184,0.73679805,162.49054
2040-04-16 00:00:00,0.00032502256,2040,4,292.10294,-1.7254527,0.40430087,157.1151
2040-05-16 12:00:00,0.0002683131,2040,5,292.1092,-2.2716773,0.056550227,154.29352
2040-06-16 00:00:00,0.00030143477,2040,6,291.73935,-5.5257163,-0.6532865,146.01599
2040-07-16 12:00:00,0.00010123235,2040,7,291.87585,-4.117727,0.11439625,184.06088
2040-08-16 12:00:00,0.00012795225,2040,8,292.50122,-4.544361,-0.1302416,207.14893
2040-09-16 00:00:00,0.0002344783,2040,9,292.48138,-2.7389882,0.90047103,181.2041
2040-10-16 12:00:00,0.00049063604,2040,10,291.81903,-1.898428,1.0656983,117.78229
2040-11-16 00:00:00,0.00041685934,2040,11,292.2094,-3.4018817,1.5487204,131.32462
2040-12-16 12:00:00,0.0002551077,2040,12,292.92194,-5.191077,1.6666305,155.08025
2041-01-16 12:00:00,0.00020326585,2041,1,292.9154,-6.8128457,1.0434504,162.27531
2041-02-15 00:00:00,0.00030412961,2041,2,293.5123,-7.3243585,1.8890498,186.35301
2041-03-16 12:00:00,0.0005271551,2041,3,292.5414,-5.5265613,1.2121943,129.01468
2041-04-16 00:00:00,0.00037760075,2041,4,292.6626,-3.8459492,0.57074016,147.59027
2041-05-16 12:00:00,0.00042298465,2041,5,291.97607,-3.376049,-0.33159822,127.65286
2041-06-16 00:00:00,0.0003129073,2041,6,291.79694,-4.3243456,-0.7642554,147.32495
2041-07-16 12:00:00,0.00022684305,2041,7,291.6663,-5.0042405,-1.2554351,163.54047
2041-08-16 12:00:00,0.0001740467,2041,8,292.02795,-5.638624,-1.2993149,184.19656
2041-09-16 00:00:00,0.0002819242,2041,9,292.14972,-4.3720293,-1.1694757,167.40741
2041-10-16 12:00:00,0.0003956733,2041,10,291.20044,-0.9382706,0.47038874,121.971634
2041-11-16 00:00:00,0.00030343185,2041,11,290.87146,-0.7889872,0.41704494,139.26309
2041-12-16 12:00:00,0.0001962877,2041,12,291.0349,-2.6134818,1.4859216,160.50589
2042-01-16 12:00:00,0.00026198235,2042,1,290.83755,-7.913077,2.0137541,137.37909
2042-02-15 00:00:00,0.00022655907,2042,2,291.50745,-6.5498023,1.7542284,177.19412
2042-03-16 12:00:00,0.00034316746,2042,3,291.4766,-3.7742305,1.2684115,136.38066
2042-04-16 00:00:00,0.0004288214,2042,4,291.30426,-2.2381566,1.0145731,134.48596
2042-05-16 12:00:00,0.0003263697,2042,5,291.28076,-3.689618,-0.4026761,147.91753
2042-06-16 00:00:00,0.00029611084,2042,6,290.90518,-5.687069,-0.3755279,137.93077
2042-07-16 12:00:00,0.00015441478,2042,7,291.14716,-6.59202,-1.0650662,181.14908
2042-08-16 12:00:00,0.00018671749,2042,8,291.71558,-7.8043804,-1.5128932,181.59799
2042-09-16 00:00:00,0.00036914728,2042,9,291.38162,-3.9540055,-0.96794426,144.74294
2042-10-16 12:00:00,0.00038096303,2042,10,291.4417,-3.3512802,-0.39483204,137.83276
2042-11-16 00:00:00,0.00038516853,2042,11,290.72244,-3.0989208,0.3697114,114.25633
2042-12-16 12:00:00,0.0002191876,2042,12,291.39502,-5.5338774,0.94875807,149.72932
2043-01-16 12:00:00,0.0002871082,2043,1,291.7378,-8.613423,1.100977,141.88086
2043-02-15 00:00:00,0.00031576052,2043,2,291.82068,-7.2114944,1.6405686,142.13684
2043-03-16 12:00:00,0.00020392894,2043,3,292.51404,-5.4960546,0.56024003,172.37054
2043-04-16 00:00:00,0.0003023447,2043,4,292.27655,-2.5612755,0.14228083,152.38748
2043-05-16 12:00:00,0.00027597247,2043,5,292.09125,-1.3353117,0.34096184,160.13281
2043-06-16 00:00:00,0.00030545593,2043,6,291.53778,-4.9319253,-0.014086098,145.03986
2043-07-16 12:00:00,0.00027369935,2043,7,291.53772,-5.7405343,-0.33924073,145.06367
2043-08-16 12:00:00,0.000118304626,2043,8,291.8844,-4.7752595,-0.43599644,210.17981
2043-09-16 00:00:00,0.00024938423,2043,9,292.05786,-3.1385224,0.28342503,165.79468
2043-10-16 12:00:00,0.00049679907,2043,10,291.3625,-1.9851136,0.026525531,114.28173
2043-11-16 00:00:00,0.00042710407,2043,11,291.29956,-2.9674034,1.1261771,119.60776
2043-12-16 12:00:00,0.00021913764,2043,12,291.3216,-8.247558,1.335043,140.6079
2044-01-16 12:00:00,8.49813e-05,2044,1,292.29288,-8.212548,1.3732463,217.85866
2044-02-15 12:00:00,0.0004149623,2044,2,292.25684,-7.666069,1.1686609,122.97652
2044-03-16 12:00:00,0.00021530397,2044,3,293.0078,-6.4733806,0.37393767,187.30478
2044-04-16 00:00:00,0.00027483303,2044,4,292.6349,-2.8329406,0.16253911,164.99841
2044-05-16 12:00:00,0.00024998645,2044,5,292.12787,-3.2294416,-0.32898474,167.49211
2044-06-16 00:00:00,0.00016527029,2044,6,292.24408,-3.5495565,-0.14519636,180.2862
2044-07-16 12:00:00,0.00024476647,2044,7,291.71252,-5.106272,-1.101945,150.97649
2044-08-16 12:00:00,0.0001902654,2044,8,291.82147,-5.5382504,-1.3909932,162.8141
2044-09-16 00:00:00,0.00027422965,2044,9,292.0614,-3.6448689,-0.61592466,164.2348
2044-10-16 12:00:00,0.00048107357,2044,10,291.2135,-0.4077514,0.0015582397,116.99433
2044-11-16 00:00:00,0.0003527027,2044,11,290.82446,-1.3161335,-0.1953941,117.609
2044-12-16 12:00:00,0.0002518165,2044,12,291.0406,-3.4137647,2.289688,134.06825
2045-01-16 12:00:00,0.0002726994,2045,1,291.2364,-6.832543,2.258015,133.806
2045-02-15 00:00:00,0.00019053847,2045,2,291.61963,-6.491419,2.1126702,175.54935
2045-03-16 12:00:00,0.00030807487,2045,3,291.8332,-3.2271519,1.8018163,151.26535
2045-04-16 00:00:00,0.00043435633,2045,4,291.40118,-3.8854778,0.82733405,126.82316
2045-05-16 12:00:00,0.00022282502,2045,5,291.21472,-2.114185,0.75310504,149.56259
2045-06-16 00:00:00,0.0002949286,2045,6,291.17773,-5.1922116,-0.22135574,148.98526
2045-07-16 12:00:00,0.00016754592,2045,7,291.31055,-8.395539,-1.3267144,169.21576
2045-08-16 12:00:00,0.00019339572,2045,8,291.94562,-5.977724,-0.32584336,178.31204
2045-09-16 00:00:00,0.00022771626,2045,9,291.87753,-5.178952,-0.30068335,173.62305
2045-10-16 12:00:00,0.00042559972,2045,10,291.5282,-2.8046758,-0.2588954,129.97202
2045-11-16 00:00:00,0.00043374515,2045,11,291.11005,-3.1984432,0.5389569,110.286285
2045-12-16 12:00:00,0.00031203133,2045,12,291.66455,-5.662356,0.35095608,124.68898
2046-01-16 12:00:00,0.00015836365,2046,1,292.10455,-7.463897,2.0044298,178.76212
2046-02-15 00:00:00,0.00017654817,2046,2,292.82257,-6.675102,1.1004351,183.22385
2046-03-16 12:00:00,0.0002915038,2046,3,292.55823,-4.5554523,-0.16072251,154.1565
2046-04-16 00:00:00,0.00036938576,2046,4,292.55722,-1.9318049,-0.0021241053,139.41867
2046-05-16 12:00:00,0.00036168034,2046,5,292.3413,-2.3565702,-0.06836883,140.82523
2046-06-16 00:00:00,0.00030899775,2046,6,292.04285,-4.8267536,-0.9211451,134.52359
2046-07-16 12:00:00,0.00014100461,2046,7,292.22015,-5.8479266,-0.34814063,198.59518
2046-08-16 12:00:00,0.000149223,2046,8,292.22147,-6.292123,-0.41602653,186.34938
2046-09-16 00:00:00,0.00024329551,2046,9,292.3665,-3.8370154,-0.1255786,180.77475
2046-10-16 12:00:00,0.00049547956,2046,10,291.27197,-2.7947283,0.26936367,112.45442
2046-11-16 00:00:00,0.00035687082,2046,11,291.29077,-4.295202,0.23438203,126.391014
2046-12-16 12:00:00,0.00033268897,2046,12,291.0871,-6.8311486,1.3257129,121.81724
2047-01-16 12:00:00,0.0001509267,2047,1,291.69666,-9.284185,0.9745318,188.38293
2047-02-15 00:00:00,0.00024368416,2047,2,291.64502,-9.079112,0.8020333,151.95856
2047-03-16 12:00:00,0.00025958024,2047,3,291.75403,-5.234211,-0.043053657,153.65775
2047-04-16 00:00:00,0.0004796972,2047,4,291.51178,-2.0318415,0.5314455,131.69604
2047-05-16 12:00:00,0.00014926633,2047,5,291.85626,-2.298836,0.2416246,175.08243
2047-06-16 00:00:00,0.00029101418,2047,6,291.021,-2.6811538,-0.40117198,130.64287
2047-07-16 12:00:00,0.00023711103,2047,7,291.6363,-3.7475643,-0.76743066,159.58673
2047-08-16 12:00:00,0.00017362362,2047,8,291.9673,-4.2779875,-0.8330926,177.35648
2047-09-16 00:00:00,0.00015721328,2047,9,292.85822,-3.1632717,-0.21067688,217.51166
2047-10-16 12:00:00,0.0004681616,2047,10,291.89563,-1.415396,0.46133465,118.760826
2047-11-16 00:00:00,0.00042243395,2047,11,291.5484,-2.0895746,0.174881,110.28265
2047-12-16 12:00:00,0.000409135,2047,12,291.6458,-4.5472164,2.136067,126.24732
2048-01-16 12:00:00,0.00020526386,2048,1,292.5796,-6.988997,1.2537376,158.20955
2048-02-15 12:00:00,0.00016882905,2048,2,292.89374,-5.026062,2.0898163,181.15036
2048-03-16 12:00:00,0.00031804762,2048,3,292.8615,-5.016182,1.2205788,157.00421
2048-04-16 00:00:00,0.0003199227,2048,4,293.15405,-3.0849962,0.60971946,164.33492
2048-05-16 12:00:00,0.00044812757,2048,5,292.62128,-3.5254314,0.010986686,128.03885
2048-06-16 00:00:00,0.00018423957,2048,6,292.6192,-6.7335277,-0.77813876,166.94888
2048-07-16 12:00:00,0.00019288927,2048,7,292.25098,-7.186328,-0.92516184,171.70517
2048-08-16 12:00:00,0.000121955716,2048,8,292.63943,-7.034118,-0.7197792,196.4033
2048-09-16 00:00:00,0.0001633715,2048,9,292.64914,-4.958956,-0.5699268,184.50179
2048-10-16 12:00:00,0.00042838705,2048,10,291.7533,-1.9515474,-0.16190854,125.40547
2048-11-16 00:00:00,0.00034251693,2048,11,291.2364,-3.1845706,-0.2948822,115.04941
2048-12-16 12:00:00,0.0003016648,2048,12,291.68118,-6.1580024,0.7272422,127.35527
2049-01-16 12:00:00,0.0002448202,2049,1,292.30035,-6.976473,0.71592224,145.12326
2049-02-15 00:00:00,0.00039104704,2049,2,292.11865,-5.9615273,0.5391731,130.77686
2049-03-16 12:00:00,0.00021716251,2049,3,292.88126,-3.2021425,1.48964,190.72412
2049-04-16 00:00:00,0.00043586938,2049,4,292.15616,-0.8106917,0.48081976,123.82325
2049-05-16 12:00:00,0.00023223597,2049,5,292.46332,0.12496483,0.9327896,150.30461
2049-06-16 00:00:00,0.00013726593,2049,6,292.6007,-3.7463129,0.3556453,198.37236
2049-07-16 12:00:00,0.00011887662,2049,7,292.28223,-3.9043875,0.23325124,175.27274
2049-08-16 12:00:00,0.00018449992,2049,8,292.5324,-2.5191383,0.66754985,189.69614
2049-09-16 00:00:00,0.00041590648,2049,9,292.15015,-2.0856962,-0.015098543,134.28156
2049-10-16 12:00:00,0.00042577193,2049,10,292.08307,-2.208875,0.9073767,131.61694
2049-11-16 00:00:00,0.00038564793,2049,11,292.0434,-3.1510603,0.26263544,128.08249
2049-12-16 12:00:00,0.00035438238,2049,12,292.33777,-6.9767485,0.2498449,135.73752
